,date,stringency_index,new_confirmed,new_deceased,population,covid_severity
0,2020-01-01,38.9,383.0,0.0,7327954606.0,5.226560760712223e-08
1,2020-01-02,58.33,984.0,1119.0,7725463980.0,1.5758276825206297e-06
2,2020-01-03,63.89,481.0,0.0,7725463980.0,6.226163260164472e-08
3,2020-01-04,63.89,1858.0,0.0,7725463980.0,2.4050335420760064e-07
4,2020-01-05,66.67,1100.0,0.0,7725463980.0,1.423862699829713e-07
5,2020-01-06,80.56,830.0,0.0,7725463980.0,1.0743691280533289e-07
6,2020-01-07,83.34,612.0,0.0,7725463980.0,7.92185429359804e-08
7,2020-01-08,86.12,443.0,0.0,7725463980.0,5.7342834184051166e-08
8,2020-01-09,86.12,174.0,0.0,7725463980.0,2.2522919070033644e-08
9,2020-01-10,86.12,117.0,1.0,7725463980.0,1.643914207985214e-08
10,2020-01-11,86.12,230.0,0.0,7725463980.0,2.977167463280309e-08
11,2020-01-12,86.12,326.0,0.0,7725463980.0,4.219811274040786e-08
12,2020-01-13,86.12,199.0,0.0,7725463980.0,2.575897066055572e-08
13,2020-01-14,86.12,150.0,0.0,7725463980.0,1.941630954313245e-08
14,2020-01-15,100.0,148.0,1.0,7749280755.0,2.038898899075957e-08
15,2020-01-16,116.67,68.0,0.0,7725463980.0,8.802060326220045e-09
16,2020-01-17,116.67,149.0,1.0,7749280755.0,2.05180332248783e-08
17,2020-01-18,122.22,219.0,1.0,7749280755.0,2.95511296131895e-08
18,2020-01-19,133.33,207.0,2.0,7749280755.0,2.929304114495204e-08
19,2020-01-20,161.12,320.0,11.0,7749280755.0,5.548902067105452e-08
20,2020-01-21,211.13,243.0,1.0,7749280755.0,3.264819123203906e-08
21,2020-01-22,326.40999999999997,391.0,8.0,7749280755.0,6.07798342699225e-08
22,2020-01-23,431.06,536.0,16.0,7756777743.0,8.972798023355715e-08
23,2020-01-24,488.47999999999985,750.0,14.0,7756777743.0,1.147383655285429e-07
24,2020-01-25,524.6,900.0,26.0,7749280755.0,1.4969131157772849e-07
25,2020-01-26,587.5699999999998,1858.0,49.0,7756777743.0,3.0270301377642555e-07
26,2020-01-27,693.1499999999993,1598.0,2.0,7749280755.0,2.0879357080410747e-07
27,2020-01-28,766.2899999999993,1858.0,38.0,7749280755.0,2.88800995957721e-07
28,2020-01-29,868.1499999999994,2087.0,42.0,7756777743.0,3.232012161573675e-07
29,2020-01-30,953.3299999999994,2231.0,46.0,7756777743.0,3.46922406334055e-07
30,2020-01-31,1047.7399999999996,2782.0,103.0,7756777743.0,4.914411790952871e-07
31,2020-02-01,1121.8099999999997,3079.0,65.0,7756777743.0,4.807408596134117e-07
32,2020-02-02,1169.049999999999,3411.0,66.0,7749280755.0,5.253390770973557e-07
33,2020-02-03,1236.629999999999,4055.0,72.0,7749280755.0,6.161862179169427e-07
34,2020-02-04,1269.9699999999991,4018.0,70.0,7756777743.0,6.082422568131072e-07
35,2020-02-05,1315.3399999999992,3247.0,85.0,7756777743.0,5.281832399667868e-07
36,2020-02-06,1340.339999999999,3486.0,87.0,7756777743.0,5.615733935307111e-07
37,2020-02-07,1409.7999999999988,2749.0,100.0,7756777743.0,4.833192498500082e-07
38,2020-02-08,1420.9199999999987,3103.0,107.0,7749280755.0,5.385015889774663e-07
39,2020-02-09,1426.4699999999987,2583.0,101.0,7756777743.0,4.632078060045558e-07
40,2020-02-10,1424.6199999999997,2148.0,5.0,7756777743.0,2.8336508700195203e-07
41,2020-02-11,1460.7199999999998,15277.0,253.0,7756777743.0,2.295669747153667e-06
42,2020-02-12,1482.9399999999994,4223.0,152.0,7756777743.0,7.403847564386763e-07
43,2020-02-13,1491.2699999999977,2724.0,144.0,7756777743.0,5.36820847259385e-07
44,2020-02-14,1496.829999999999,2110.0,105.0,7756777743.0,4.073856573822422e-07
45,2020-02-15,1504.2299999999989,2191.0,98.0,7749280755.0,4.091992663904974e-07
46,2020-02-16,1504.2299999999984,2017.0,139.0,7756777743.0,4.392287768042086e-07
47,2020-02-17,1507.0099999999993,1940.0,114.0,7757427085.0,3.970388591799442e-07
48,2020-02-18,1518.1099999999992,565.0,125.0,7756777743.0,2.3398891397112962e-07
49,2020-02-19,1523.6599999999987,1202.0,1.0,7756777743.0,1.5625044833774607e-07
50,2020-02-20,1543.1099999999985,1144.0,209.0,7757427085.0,4.1689080213894143e-07
51,2020-02-21,1612.5699999999993,1002.0,3.0,7749280755.0,1.3317364961053086e-07
52,2020-02-22,1641.2699999999995,647.0,159.0,7756777743.0,2.883929479633151e-07
53,2020-02-23,1706.5299999999988,870.0,76.0,7756777743.0,2.1013880428261228e-07
54,2020-02-24,1751.9199999999994,1087.0,63.0,7757427085.0,2.213362731207676e-07
55,2020-02-25,1874.1299999999987,1084.0,43.0,7756777743.0,1.9518414091035275e-07
56,2020-02-26,1902.8399999999986,1222.0,60.0,7757427085.0,2.3487168877462933e-07
57,2020-02-27,1988.919999999999,1772.0,66.0,7756777743.0,3.135322527701307e-07
58,2020-02-28,2059.2799999999993,1796.0,41.0,7757427085.0,2.8437263745160936e-07
59,2020-02-29,2132.879999999999,1346.0,69.0,7756777743.0,2.624801260855206e-07
60,2020-03-01,2234.7299999999987,2521.0,71.0,7756777743.0,4.1653894272215967e-07
61,2020-03-02,2317.1199999999985,2838.0,82.0,7756777743.0,4.715875742734943e-07
62,2020-03-03,2371.7700000000004,2281.0,89.0,7749280755.0,4.091992663904974e-07
63,2020-03-04,2452.330000000001,3397.0,88.0,7757427085.0,5.51342597633968e-07
64,2020-03-05,2655.099999999999,3588.0,109.0,7749280755.0,6.036689272074257e-07
65,2020-03-06,2762.4999999999986,3402.0,146.0,7756777743.0,6.268066665166018e-07
66,2020-03-07,2818.05,3628.0,130.0,7757427085.0,6.352621746879107e-07
67,2020-03-08,2918.529999999998,4650.0,242.0,7756777743.0,9.114609486368521e-07
68,2020-03-09,3070.8299999999986,7031.0,234.0,7756777743.0,1.2081047453572758e-06
69,2020-03-10,3409.220000000001,6929.0,330.0,7756777743.0,1.3187176865072645e-06
70,2020-03-11,3758.779999999998,9658.0,393.0,7756777743.0,1.7517583267436415e-06
71,2020-03-12,4327.780000000001,11993.0,433.0,7756777743.0,2.104353191598209e-06
72,2020-03-13,5156.440000000002,12105.0,554.0,7756777743.0,2.274784786237235e-06
73,2020-03-14,5621.699999999998,12205.0,529.0,7756777743.0,2.255446859462762e-06
74,2020-03-15,6087.87,15370.0,822.0,7756777743.0,3.041211284065536e-06
75,2020-03-16,7467.159999999995,18860.0,894.0,7757427085.0,3.5836624302605354e-06
76,2020-03-17,8085.67,21707.0,963.0,7757427085.0,4.039612574714906e-06
77,2020-03-18,8917.099999999995,25801.0,1297.0,7757427085.0,4.997920003008317e-06
78,2020-03-19,9596.740000000002,29578.0,1392.0,7757427085.0,5.607271524873121e-06
79,2020-03-20,10192.579999999998,32714.0,1740.0,7756777743.0,6.460672415839774e-06
80,2020-03-21,10687.929999999993,31810.0,2087.0,7756777743.0,6.791479883195101e-06
81,2020-03-22,11021.300000000003,35344.0,2082.0,7757427085.0,7.240029378890385e-06
82,2020-03-23,11652.299999999997,44893.0,2433.0,7757427085.0,8.923448360069245e-06
83,2020-03-24,12079.649999999996,47949.0,2884.0,7757427085.0,9.89877173947037e-06
84,2020-03-25,12424.130000000001,53199.0,3093.0,7757427085.0,1.084496174803556e-05
85,2020-03-26,12745.420000000002,61778.0,3494.0,7757427085.0,1.2467793630573326e-05
86,2020-03-27,13103.769999999999,61300.0,3857.0,7757427085.0,1.2874113917630204e-05
87,2020-03-28,13363.939999999999,56134.0,3835.0,7757427085.0,1.2179811548947354e-05
88,2020-03-29,13563.010000000007,57728.0,3883.0,7757427085.0,1.244716823529125e-05
89,2020-03-30,13900.049999999994,57679.0,4449.0,7757427085.0,1.3170475066089519e-05
90,2020-03-31,14008.399999999996,72705.0,4966.0,7757427085.0,1.5773915585569437e-05
91,2020-04-01,14173.230000000003,71634.0,5185.0,7757427085.0,1.5918164443823453e-05
92,2020-04-02,14204.699999999997,71146.0,5389.0,7756777743.0,1.611958008115381e-05
93,2020-04-03,14291.259999999995,72167.0,5272.0,7756777743.0,1.6100371073891166e-05
94,2020-04-04,14368.099999999999,68409.0,5423.0,7757427085.0,1.5809236574989993e-05
95,2020-04-05,14410.68,57794.0,5321.0,7757427085.0,1.4309383611821599e-05
96,2020-04-06,14464.389999999992,70910.0,5752.0,7756777743.0,1.655713290430423e-05
97,2020-04-07,14510.229999999996,73019.0,6126.0,7756777743.0,1.7311183128996868e-05
98,2020-04-08,14588.919999999998,79692.0,6299.0,7757427085.0,1.8392954060231428e-05
99,2020-04-09,14630.590000000004,80828.0,5871.0,7756777743.0,1.798917084170991e-05
100,2020-04-10,14700.97,76460.0,5983.0,7756777743.0,1.7570440267286644e-05
101,2020-04-11,14718.579999999998,70456.0,6310.0,7756777743.0,1.7217974321943904e-05
102,2020-04-12,14712.089999999997,61945.0,5098.0,7756777743.0,1.4558235873382817e-05
103,2020-04-13,14771.360000000004,62459.0,5308.0,7757427085.0,1.4893984659347913e-05
104,2020-04-14,14742.650000000005,71344.0,6395.0,7756777743.0,1.744203643350414e-05
105,2020-04-15,14747.270000000004,71443.0,6419.0,7757427085.0,1.748427648933551e-05
106,2020-04-16,14762.56,79391.0,5958.0,7757427085.0,1.79145737984078e-05
107,2020-04-17,14767.190000000002,74999.0,7174.0,7756777743.0,1.8917520246396468e-05
108,2020-04-18,14794.050000000003,72024.0,6092.0,7757427085.0,1.7137640939876137e-05
109,2020-04-19,14782.0,64185.0,5183.0,7756777743.0,1.4956597164936971e-05
110,2020-04-20,14631.98999999999,70998.0,5571.0,7749930097.0,1.6349566823712216e-05
111,2020-04-21,14607.929999999995,73803.0,6149.0,7756777743.0,1.7441907513992307e-05
112,2020-04-22,14598.210000000003,76938.0,5533.0,7757427085.0,1.705049864480937e-05
113,2020-04-23,14583.39,91135.0,5510.0,7757427085.0,1.8850966744214006e-05
114,2020-04-24,14576.439999999997,81167.0,5557.0,7749930097.0,1.764364301207451e-05
115,2020-04-25,14575.500000000002,76242.0,6094.0,7756777743.0,1.7685436471838846e-05
116,2020-04-26,14563.460000000001,64941.0,4409.0,7749930097.0,1.4068643024561721e-05
117,2020-04-27,14510.630000000005,71850.0,4879.0,7749930097.0,1.5566592019546057e-05
118,2020-04-28,14516.190000000008,72833.0,5646.0,7749930097.0,1.66831182193565e-05
119,2020-04-29,14506.919999999998,76834.0,5738.0,7757427085.0,1.7301355014927608e-05
120,2020-04-30,14471.75,83973.0,5673.0,7749930097.0,1.8155389563380213e-05
121,2020-05-01,14426.380000000003,81165.0,5323.0,7757427085.0,1.7324687493340454e-05
122,2020-05-02,14411.55,78425.0,6206.0,7749930097.0,1.812726027740325e-05
123,2020-05-03,14386.11,74152.0,4305.0,7749280755.0,1.5124242327183564e-05
124,2020-05-04,14164.33,75806.0,4400.0,7757427085.0,1.544403816977675e-05
125,2020-05-05,14128.240000000003,76185.0,5841.0,7749280755.0,1.736870869121066e-05
126,2020-05-06,14051.39000000001,90334.0,5881.0,7749280755.0,1.9246173253404084e-05
127,2020-05-07,14027.319999999994,89462.0,5570.0,7757427085.0,1.8712647687103592e-05
128,2020-05-08,13951.410000000007,89663.0,4988.0,7749280755.0,1.8007219561630144e-05
129,2020-05-09,13948.650000000003,84076.0,6161.0,7749280755.0,1.879993829182151e-05
130,2020-05-10,13965.310000000009,71935.0,3915.0,7756777743.0,1.4321023971615942e-05
131,2020-05-11,13811.109999999999,79087.0,4277.0,7749930097.0,1.572362569401379e-05
132,2020-05-12,13782.880000000003,85283.0,4988.0,7749930097.0,1.744054440598395e-05
133,2020-05-13,13750.939999999999,84955.0,4740.0,7756777743.0,1.706314198823629e-05
134,2020-05-14,13641.230000000003,101579.0,5501.0,7757427085.0,2.0185687636405286e-05
135,2020-05-15,13608.350000000004,96956.0,5248.0,7756777743.0,1.9265216169801504e-05
136,2020-05-16,13581.490000000003,94098.0,5380.0,7749280755.0,1.9085384137692143e-05
137,2020-05-17,13525.480000000001,74594.0,3940.0,7757427085.0,1.4694820686155377e-05
138,2020-05-18,13348.21,94228.0,4345.0,7749280755.0,1.776655206499871e-05
139,2020-05-19,13348.210000000001,101360.0,5043.0,7749280755.0,1.9587624296882247e-05
140,2020-05-20,13333.380000000001,105773.0,4873.0,7749930097.0,1.9936050785775237e-05
141,2020-05-21,13300.060000000001,106595.0,4921.0,7756777743.0,2.008630454064565e-05
142,2020-05-22,13277.34,110205.0,5328.0,7756777743.0,2.1076406391498693e-05
143,2020-05-23,13242.170000000002,95978.0,5025.0,7749280755.0,1.8869880266713862e-05
144,2020-05-24,13236.610000000004,88615.0,3878.0,7749280755.0,1.6439590205555794e-05
145,2020-05-25,13144.49,92175.0,4114.0,7749280755.0,1.7203532071538685e-05
146,2020-05-26,13091.699999999997,97408.0,4563.0,7749280755.0,1.845822915987511e-05
147,2020-05-27,13050.960000000001,106753.0,4961.0,7756777743.0,2.015824162824669e-05
148,2020-05-28,13046.340000000002,121911.0,5128.0,7749280755.0,2.2349299951257218e-05
149,2020-05-29,12999.090000000007,119307.0,4891.0,7756777743.0,2.1686453521477417e-05
150,2020-05-30,12953.72,123156.0,5226.0,7756777743.0,2.2614545087140315e-05
151,2020-05-31,12892.600000000002,99206.0,3921.0,7756777743.0,1.7844523149436847e-05
152,2020-06-01,12536.58,97799.0,4285.0,7756777743.0,1.8132400419352842e-05
153,2020-06-02,12448.15,118088.0,5115.0,7756777743.0,2.1818080343055668e-05
154,2020-06-03,12433.320000000005,124650.0,5416.0,7749280755.0,2.307439950277037e-05
155,2020-06-04,12424.05,125942.0,5402.0,7756777743.0,2.3200613187918693e-05
156,2020-06-05,12339.800000000007,132357.0,4928.0,7756777743.0,2.341655337023365e-05
157,2020-06-06,12274.070000000002,124061.0,4828.0,7756777743.0,2.221811758826361e-05
158,2020-06-07,12233.330000000007,106541.0,4486.0,7756777743.0,1.9518543010547106e-05
159,2020-06-08,12047.209999999995,110559.0,4587.0,7756777743.0,2.016675031602746e-05
160,2020-06-09,12005.539999999997,129193.0,5165.0,7749280755.0,2.3336746430733752e-05
161,2020-06-10,11962.029999999993,140624.0,5416.0,7749280755.0,2.5135752098582986e-05
162,2020-06-11,11907.389999999994,142990.0,5443.0,7749280755.0,2.5475912699719963e-05
163,2020-06-12,11899.500000000004,143773.0,4743.0,7756777743.0,2.464979742039774e-05
164,2020-06-13,11911.539999999997,132983.0,4995.0,7756777743.0,2.35836330575651e-05
165,2020-06-14,11902.279999999992,117432.0,4531.0,7749280755.0,2.1000916748950592e-05
166,2020-06-15,11723.149999999992,125750.0,6155.0,7756777743.0,2.414662456572594e-05
167,2020-06-16,11661.109999999999,148228.0,5259.0,7749280755.0,2.591440500725541e-05
168,2020-06-17,11625.929999999998,148263.0,5561.0,7756777743.0,2.6283207635281604e-05
169,2020-06-18,11615.749999999996,142671.0,5421.0,7756777743.0,2.5381802408567477e-05
170,2020-06-19,11574.089999999995,183533.0,5400.0,7756777743.0,3.062263840347346e-05
171,2020-06-20,11556.499999999996,157025.0,5221.0,7756777743.0,2.6974474057713118e-05
172,2020-06-21,11508.359999999999,127228.0,4175.0,7756777743.0,2.1784561269979912e-05
173,2020-06-22,11442.179999999995,143494.0,4323.0,7756777743.0,2.407236692691196e-05
174,2020-06-23,11426.890000000001,174246.0,5441.0,7756777743.0,2.947821989696012e-05
175,2020-06-24,11411.17,177754.0,5107.0,7756777743.0,2.9499878374947528e-05
176,2020-06-25,11403.789999999995,188651.0,5296.0,7756777743.0,3.1148372172715485e-05
177,2020-06-26,11339.899999999996,198191.0,5136.0,7757427085.0,3.2169300112731903e-05
178,2020-06-27,11300.53,178087.0,5161.0,7756777743.0,2.9612425108774964e-05
179,2020-06-28,11292.189999999999,156512.0,4352.0,7756777743.0,2.578802779034325e-05
180,2020-06-29,11274.129999999997,170295.0,4685.0,7756777743.0,2.799422739628702e-05
181,2020-06-30,11252.339999999995,184240.0,5492.0,7756777743.0,3.083239044922058e-05
182,2020-07-01,11042.64,214436.0,5228.0,7756777743.0,3.43848965172032e-05
183,2020-07-02,11058.370000000006,214562.0,5591.0,7756777743.0,3.4869118203636015e-05
184,2020-07-03,11028.750000000004,215519.0,5821.0,7756777743.0,3.528900905366575e-05
185,2020-07-04,11039.39,194393.0,5210.0,7756777743.0,3.177775722946868e-05
186,2020-07-05,11030.58999999999,165275.0,4716.0,7756777743.0,2.7387016495568553e-05
187,2020-07-06,11010.220000000005,177704.0,5070.0,7756777743.0,2.9445732179979003e-05
188,2020-07-07,10987.079999999993,214786.0,5876.0,7756777743.0,3.5265416783000895e-05
189,2020-07-08,10964.850000000004,227142.0,6129.0,7756777743.0,3.718451263609965e-05
190,2020-07-09,10968.990000000005,227495.0,5854.0,7756777743.0,3.687549256624356e-05
191,2020-07-10,10937.49,240203.0,6008.0,7756777743.0,3.8712337770794886e-05
192,2020-07-11,10900.919999999998,223357.0,5751.0,7756777743.0,3.6209236529107036e-05
193,2020-07-12,10899.069999999992,194065.0,5078.0,7756777743.0,3.156529787397313e-05
194,2020-07-13,10853.249999999998,197280.0,5515.0,7756777743.0,3.254315237120234e-05
195,2020-07-14,10840.29,235879.0,6091.0,7756777743.0,3.8261892996461484e-05
196,2020-07-15,10867.61999999999,246704.0,6639.0,7756777743.0,4.036392563684675e-05
197,2020-07-16,10874.089999999998,250395.0,6669.0,7756777743.0,4.087844340855958e-05
198,2020-07-17,10832.909999999994,246794.0,7188.0,7756777743.0,4.108329651285717e-05
199,2020-07-18,10821.799999999992,229742.0,6053.0,7756777743.0,3.7421724537866525e-05
200,2020-07-19,10845.879999999996,202764.0,5481.0,7757427085.0,3.320353477740745e-05
201,2020-07-20,10790.32,209848.0,5764.0,7756777743.0,3.448442238033582e-05
202,2020-07-21,10732.900000000001,253086.0,7726.0,7756777743.0,4.2588045054934867e-05
203,2020-07-22,10654.179999999998,297572.0,6671.0,7756777743.0,4.6963057608391755e-05
204,2020-07-23,10660.659999999998,289542.0,6978.0,7756777743.0,4.6323616829715835e-05
205,2020-07-24,10675.009999999998,283738.0,6721.0,7756777743.0,4.5244044837652894e-05
206,2020-07-25,10678.709999999995,256094.0,6281.0,7756777743.0,4.111294800057803e-05
207,2020-07-26,10664.819999999996,209691.0,5602.0,7756777743.0,3.425533240781423e-05
208,2020-07-27,10630.089999999998,227167.0,6213.0,7756777743.0,3.729602801383244e-05
209,2020-07-28,10628.709999999995,265384.0,6468.0,7756777743.0,4.255168975259886e-05
210,2020-07-29,10613.890000000005,304030.0,7086.0,7756777743.0,4.8330635789882527e-05
211,2020-07-30,10635.179999999998,295233.0,6916.0,7756777743.0,4.697736767420487e-05
212,2020-07-31,10678.25,287490.0,6796.0,7756777743.0,4.582444047991076e-05
213,2020-08-01,10641.67,252406.0,6661.0,7756777743.0,4.1127386985902966e-05
214,2020-08-02,10641.659999999998,216020.0,5569.0,7756777743.0,3.502872055928134e-05
215,2020-08-03,10651.859999999999,217457.0,6026.0,7756777743.0,3.580314006684309e-05
216,2020-08-04,10675.000000000004,277150.0,6926.0,7756777743.0,4.465900809296915e-05
217,2020-08-05,10681.029999999999,291247.0,7066.0,7756777743.0,4.6656873767795925e-05
218,2020-08-06,10736.119999999988,288634.0,6976.0,7756777743.0,4.620397952273776e-05
219,2020-08-07,10777.779999999997,294397.0,6719.0,7756777743.0,4.661561952401039e-05
220,2020-08-08,10807.850000000002,264968.0,6619.0,7756777743.0,4.2692727698540685e-05
221,2020-08-09,10807.849999999995,208394.0,5559.0,7756777743.0,3.403268841088412e-05
222,2020-08-10,10766.19,233481.0,5692.0,7756777743.0,3.743835515489257e-05
223,2020-08-11,10762.48999999999,299408.0,6739.0,7756777743.0,4.72874191001556e-05
224,2020-08-12,10793.509999999997,291809.0,6862.0,7756777743.0,4.646633072931145e-05
225,2020-08-13,10809.249999999993,301280.0,6918.0,7756777743.0,4.7759522352476406e-05
226,2020-08-14,10787.489999999994,288272.0,6184.0,7756777743.0,4.513626812576316e-05
227,2020-08-15,10734.699999999992,256045.0,6020.0,7756777743.0,4.0770151018622525e-05
228,2020-08-16,10729.129999999992,213324.0,5337.0,7756777743.0,3.438206028794294e-05
229,2020-08-17,10730.529999999992,233578.0,5843.0,7756777743.0,3.7645528810403096e-05
230,2020-08-18,10725.439999999995,270724.0,6391.0,7756777743.0,4.314085192166115e-05
231,2020-08-19,10718.029999999993,291030.0,6715.0,7756777743.0,4.617639074720618e-05
232,2020-08-20,10717.120000000003,287507.0,6287.0,7756777743.0,4.5170431796398065e-05
233,2020-08-21,10748.599999999993,266607.0,6032.0,7756777743.0,4.2147269243988705e-05
234,2020-08-22,10745.820000000002,254323.0,5827.0,7756777743.0,4.029933696142001e-05
235,2020-08-23,10743.05,209264.0,5078.0,7756777743.0,3.352474553427462e-05
236,2020-08-24,10725.469999999994,230586.0,5428.0,7756777743.0,3.6724785656914495e-05
237,2020-08-25,10727.319999999994,286140.0,6377.0,7756777743.0,4.5110226384373534e-05
238,2020-08-26,10712.500000000004,294338.0,6169.0,7756777743.0,4.589895595774839e-05
239,2020-08-27,10681.939999999995,290456.0,6060.0,7756777743.0,4.5257968144930514e-05
240,2020-08-28,10662.039999999997,294301.0,5929.0,7756777743.0,4.558477910741911e-05
241,2020-08-29,10671.289999999992,265343.0,5625.0,7756777743.0,4.1459612567888426e-05
242,2020-08-30,10678.689999999993,212435.0,4634.0,7756777743.0,3.3361146673762574e-05
243,2020-08-31,10633.359999999995,269973.0,5193.0,7756777743.0,4.149957761655567e-05
244,2020-09-01,10499.579999999998,287847.0,6085.0,7756777743.0,4.495384701652396e-05
245,2020-09-02,10456.509999999998,300712.0,6204.0,7756777743.0,4.676581075529213e-05
246,2020-09-03,10456.979999999992,299034.0,5898.0,7756777743.0,4.615499010824242e-05
247,2020-09-04,10457.439999999999,326153.0,5921.0,7756777743.0,4.9680809837276264e-05
248,2020-09-05,10452.819999999989,263721.0,9136.0,7756777743.0,4.5776869180045554e-05
249,2020-09-06,10442.64,217454.0,6528.0,7756777743.0,3.644992925769331e-05
250,2020-09-07,10357.429999999995,241418.0,4818.0,7756777743.0,3.733483278689322e-05
251,2020-09-08,10361.609999999999,270447.0,5098.0,7756777743.0,4.143821192892467e-05
252,2020-09-09,10367.629999999997,306426.0,6028.0,7756777743.0,4.727555850506725e-05
253,2020-09-10,10331.039999999994,312952.0,5840.0,7756777743.0,4.787451855702861e-05
254,2020-09-11,10311.119999999994,324403.0,5596.0,7756777743.0,4.903621227812715e-05
255,2020-09-12,10316.209999999994,288604.0,5298.0,7756777743.0,4.403684252887843e-05
256,2020-09-13,10310.659999999994,233991.0,4793.0,7756777743.0,3.634511769457567e-05
257,2020-09-14,10277.760000000002,267539.0,5117.0,7756777743.0,4.108780869577121e-05
258,2020-09-15,10260.629999999997,309140.0,5967.0,7756777743.0,4.75468051579572e-05
259,2020-09-16,10253.679999999995,322289.0,6208.0,7756777743.0,4.9552663842517424e-05
260,2020-09-17,10255.549999999997,326849.0,5760.0,7756777743.0,4.9562977403463806e-05
261,2020-09-18,10256.479999999998,334819.0,5774.0,7756777743.0,5.060851464440368e-05
262,2020-09-19,10234.720000000001,291110.0,5375.0,7756777743.0,4.4459182849632925e-05
263,2020-09-20,10197.679999999993,234204.0,4382.0,7756777743.0,3.5842718356974843e-05
264,2020-09-21,10173.619999999995,273442.0,4992.0,7756777743.0,4.1687671184315384e-05
265,2020-09-22,10149.08,321853.0,5646.0,7756777743.0,4.877192727887601e-05
266,2020-09-23,10136.129999999997,325788.0,5824.0,7756777743.0,4.950870228898345e-05
267,2020-09-24,10115.29999999999,330135.0,5619.0,7756777743.0,4.980483040765656e-05
268,2020-09-25,10108.830000000004,331526.0,5657.0,7756777743.0,5.003314686310717e-05
269,2020-09-26,10082.929999999997,289985.0,5404.0,7756777743.0,4.435153505725502e-05
270,2020-09-27,10079.230000000007,235612.0,4349.0,7756777743.0,3.598169359072739e-05
271,2020-09-28,10060.229999999996,272214.0,4870.0,7756777743.0,4.137207621935597e-05
272,2020-09-29,10055.139999999992,320802.0,5788.0,7756777743.0,4.8819498578741214e-05
273,2020-09-30,10031.980000000003,334048.0,5868.0,7756777743.0,5.063030204190292e-05
274,2020-10-01,9963.93,336824.0,5608.0,7756777743.0,5.065299187598497e-05
275,2020-10-02,9967.189999999997,335908.0,5530.0,7756777743.0,5.0434344383921586e-05
276,2020-10-03,9982.009999999998,301026.0,5006.0,7756777743.0,4.526183573028541e-05
277,2020-10-04,9961.649999999998,247358.0,4749.0,7756777743.0,3.801166022399979e-05
278,2020-10-05,9944.070000000002,291277.0,4918.0,7756777743.0,4.389155023904621e-05
279,2020-10-06,9922.739999999996,352828.0,5773.0,7756777743.0,5.292893693782867e-05
280,2020-10-07,9898.200000000003,362509.0,6137.0,7756777743.0,5.464627375491375e-05
281,2020-10-08,9887.080000000005,373569.0,5673.0,7756777743.0,5.5473937020861214e-05
282,2020-10-09,9863.489999999996,377551.0,5488.0,7756777743.0,5.57487934200824e-05
283,2020-10-10,9850.059999999996,338630.0,5278.0,7756777743.0,5.046038612531121e-05
284,2020-10-11,9845.889999999996,280000.0,4557.0,7756777743.0,4.197232546643563e-05
285,2020-10-12,9784.740000000002,309781.0,4751.0,7756777743.0,4.606178130118946e-05
286,2020-10-13,9763.919999999998,359653.0,5109.0,7756777743.0,5.295278704751719e-05
287,2020-10-14,9759.279999999993,403273.0,6008.0,7749280755.0,5.9793033011616574e-05
288,2020-10-15,9732.409999999996,422505.0,5934.0,7756777743.0,6.21192221776413e-05
289,2020-10-16,9686.109999999999,424359.0,6262.0,7756777743.0,6.278109495137561e-05
290,2020-10-17,9677.779999999999,371448.0,5314.0,7756777743.0,5.4737677688801094e-05
291,2020-10-18,9671.300000000001,316275.0,5063.0,7756777743.0,4.7301213487921385e-05
292,2020-10-19,9662.969999999996,394199.0,5742.0,7756777743.0,5.822250101307305e-05
293,2020-10-20,9696.309999999994,437026.0,6474.0,7756777743.0,6.468742777280321e-05
294,2020-10-21,9720.849999999993,476533.0,6729.0,7756777743.0,7.010939568183009e-05
295,2020-10-22,9745.369999999999,496742.0,6577.0,7756777743.0,7.251877243841767e-05
296,2020-10-23,9743.509999999997,494623.0,6401.0,7756777743.0,7.201869365202978e-05
297,2020-10-24,9764.349999999999,447227.0,6153.0,7756777743.0,6.55887040800055e-05
298,2020-10-25,9759.249999999996,385816.0,5844.0,7756777743.0,5.727326664747006e-05
299,2020-10-26,9789.789999999995,456544.0,6295.0,7756777743.0,6.697291287852232e-05
300,2020-10-27,9743.949999999992,519540.0,7186.0,7756777743.0,7.62429992961576e-05
301,2020-10-28,9713.859999999999,542108.0,7524.0,7756777743.0,7.958820278911787e-05
302,2020-10-29,9707.4,552975.0,7525.0,7756777743.0,8.099046031929086e-05
303,2020-10-30,9719.429999999998,554034.0,7286.0,7756777743.0,8.081886844904537e-05
304,2020-10-31,9712.959999999995,470097.0,7224.0,7756777743.0,6.991782128725098e-05
305,2020-11-01,9664.819999999996,420222.0,6669.0,7756777743.0,6.277245734408302e-05
306,2020-11-02,9732.419999999996,507463.0,7404.0,7756777743.0,7.496708288757784e-05
307,2020-11-03,9737.05,556226.0,8757.0,7756777743.0,8.299786603799303e-05
308,2020-11-04,9767.589999999997,590896.0,9094.0,7756777743.0,8.790196426799952e-05
309,2020-11-05,9785.649999999992,624277.0,9041.0,7756777743.0,9.213709915112106e-05
310,2020-11-06,9795.849999999997,582451.0,8601.0,7756777743.0,8.617766579727564e-05
311,2020-11-07,9825.479999999996,583105.0,7953.0,7756777743.0,8.542658072135508e-05
312,2020-11-08,9825.479999999998,470858.0,7425.0,7756777743.0,7.027505725453143e-05
313,2020-11-09,9854.17999999999,532825.0,8539.0,7756777743.0,7.969997600587433e-05
314,2020-11-10,9833.30999999999,605428.0,9317.0,7756777743.0,9.006291312529103e-05
315,2020-11-11,9835.619999999999,646210.0,9593.0,7756777743.0,9.56763265093852e-05
316,2020-11-12,9904.149999999994,639345.0,10046.0,7756777743.0,9.537529944926256e-05
317,2020-11-13,9909.699999999997,628519.0,9369.0,7756777743.0,9.310683171910499e-05
318,2020-11-14,9940.729999999996,559389.0,9926.0,7756777743.0,8.491270754720141e-05
319,2020-11-15,9966.189999999993,480665.0,8313.0,7756777743.0,7.268417617209533e-05
320,2020-11-16,9990.259999999997,531134.0,8978.0,7756777743.0,8.004792976830301e-05
321,2020-11-17,10003.24,647501.0,10747.0,7756777743.0,9.733049276567366e-05
322,2020-11-18,10001.849999999999,636633.0,11257.0,7756777743.0,9.658688502143924e-05
323,2020-11-19,10010.19,649984.0,11026.0,7756777743.0,9.801028535155233e-05
324,2020-11-20,10037.959999999997,645972.0,10518.0,7756777743.0,9.683814914999557e-05
325,2020-11-21,10052.79,558126.0,10110.0,7756777743.0,8.498709410552722e-05
326,2020-11-22,10046.32,469156.0,9226.0,7756777743.0,7.237747665345218e-05
327,2020-11-23,10050.950000000004,524821.0,10260.0,7756777743.0,8.088680903177968e-05
328,2020-11-24,10019.46,593320.0,11406.0,7756777743.0,9.119508427818054e-05
329,2020-11-25,10031.500000000004,644412.0,11685.0,7756777743.0,9.814152541459509e-05
330,2020-11-26,10036.130000000001,595955.0,11116.0,7756777743.0,9.116092060754563e-05
331,2020-11-27,10062.060000000001,592521.0,10556.0,7756777743.0,8.9996261737675e-05
332,2020-11-28,10099.099999999999,538916.0,10184.0,7756777743.0,8.260595072203037e-05
333,2020-11-29,10087.990000000002,463625.0,8818.0,7756777743.0,7.113843122525575e-05
334,2020-11-30,10121.310000000001,524420.0,10382.0,7756777743.0,8.099239411196831e-05
335,2020-12-01,10066.7,626358.0,12030.0,7756777743.0,9.625878486383235e-05
336,2020-12-02,10081.51,661666.0,12169.0,7756777743.0,0.0001009898731089632
337,2020-12-03,10098.179999999998,669937.0,12815.0,7756777743.0,0.00010288898643772833
338,2020-12-04,10115.769999999993,661005.0,11458.0,7756777743.0,9.998803958253364e-05
339,2020-12-05,10116.7,581954.0,10845.0,7756777743.0,8.900654664535745e-05
340,2020-12-06,10116.7,501669.0,9168.0,7756777743.0,7.649426342471393e-05
341,2020-12-07,10125.039999999997,554680.0,10713.0,7756777743.0,8.532022212409547e-05
342,2020-12-08,10127.360000000002,662601.0,11980.0,7756777743.0,0.00010086675497516572
343,2020-12-09,10118.090000000004,680454.0,12874.0,7756777743.0,0.00010432089545562219
344,2020-12-10,10120.860000000002,668808.0,12589.0,7756777743.0,0.00010245207821213706
345,2020-12-11,10129.650000000001,693101.0,12472.0,7756777743.0,0.00010543308408417807
346,2020-12-12,10140.290000000008,597939.0,11399.0,7756777743.0,9.178153913749441e-05
347,2020-12-13,10150.48,503124.0,9617.0,7756777743.0,7.726068992254224e-05
348,2020-12-14,10169.450000000008,585489.0,11011.0,7756777743.0,8.967628350931338e-05
349,2020-12-15,10135.230000000007,654128.0,13039.0,7756777743.0,0.00010113967758170946
350,2020-12-16,10171.319999999998,733990.0,13233.0,7756777743.0,0.00011168555148841267
351,2020-12-17,10162.989999999996,730248.0,13425.0,7756777743.0,0.00011145066013785874
352,2020-12-18,10193.53,689659.0,12294.0,7756777743.0,0.00010475986639340273
353,2020-12-19,10189.36,588577.0,11730.0,7756777743.0,9.100131825190032e-05
354,2020-12-20,10213.449999999997,514668.0,10015.0,7756777743.0,7.926203642418841e-05
355,2020-12-21,10287.539999999995,582798.0,11511.0,7756777743.0,8.997395866212844e-05
356,2020-12-22,10310.220000000003,668171.0,13164.0,7756777743.0,0.00010311124367612295
357,2020-12-23,10347.240000000002,679739.0,12419.0,7756777743.0,0.00010364213422583816
358,2020-12-24,10364.810000000001,612268.0,11504.0,7756777743.0,9.376419230992526e-05
359,2020-12-25,10371.290000000005,453323.0,9949.0,7756777743.0,7.126838209318021e-05
360,2020-12-26,10404.169999999996,441520.0,10007.0,7756777743.0,6.98215184119141e-05
361,2020-12-27,10422.700000000008,460952.0,10164.0,7756777743.0,7.252908599936405e-05
362,2020-12-28,10411.57,568523.0,12215.0,7756777743.0,8.904122599403967e-05
363,2020-12-29,10374.050000000007,739845.0,14431.0,7756777743.0,0.00011398483098189758
364,2020-12-30,10392.559999999996,756638.0,14003.0,7756777743.0,0.00011559800083342416
365,2020-12-31,10460.160000000002,671913.0,12748.0,7756777743.0,0.00010305735532017808
366,2021-01-01,10449.069999999994,542539.0,10925.0,7756777743.0,8.402831969604882e-05
367,2021-01-02,10463.410000000005,544161.0,11145.0,7756777743.0,8.45210500702624e-05
368,2021-01-03,10487.960000000006,542884.0,10459.0,7756777743.0,8.347203200250314e-05
369,2021-01-04,10490.710000000008,626196.0,11921.0,7756777743.0,9.609737763502141e-05
370,2021-01-05,10512.010000000002,787891.0,14188.0,7756777743.0,0.00011986562343352681
371,2021-01-06,10559.230000000001,783416.0,14371.0,7756777743.0,0.00011952463132473693
372,2021-01-07,10603.66,826647.0,14982.0,7756777743.0,0.00012588564895793224
373,2021-01-08,10622.18,782526.0,13459.0,7756777743.0,0.00011823414701132039
374,2021-01-09,10633.289999999997,673883.0,13456.0,7756777743.0,0.00010422407690223799
375,2021-01-10,10638.839999999995,567756.0,11658.0,7756777743.0,8.822426304757408e-05
376,2021-01-11,10566.19,622157.0,13256.0,7756777743.0,9.72977472096689e-05
377,2021-01-12,10522.189999999995,725500.0,15361.0,7756777743.0,0.00011333443204471612
378,2021-01-13,10538.869999999995,730879.0,15676.0,7756777743.0,0.00011443398656111269
379,2021-01-14,10577.29,716269.0,14891.0,7756777743.0,0.00011153845432541486
380,2021-01-15,10600.440000000002,717678.0,13913.0,7757427085.0,0.00011045002300527585
381,2021-01-16,10609.699999999997,606000.0,14261.0,7756777743.0,9.651043575092416e-05
382,2021-01-17,10611.550000000003,502472.0,12266.0,7756777743.0,8.059171226920121e-05
383,2021-01-18,10591.610000000002,533528.0,13494.0,7756777743.0,8.617856823385845e-05
384,2021-01-19,10613.849999999997,619694.0,15003.0,7756777743.0,9.923244232369905e-05
385,2021-01-20,10629.579999999996,649980.0,16091.0,7756777743.0,0.00010453954294768556
386,2021-01-21,10627.729999999992,627671.0,15976.0,7757427085.0,0.00010150672270224762
387,2021-01-22,10645.320000000002,618041.0,14546.0,7756777743.0,9.843017620158206e-05
388,2021-01-23,10647.179999999993,521931.0,13919.0,7757427085.0,8.522426221425451e-05
389,2021-01-24,10641.63,412395.0,12043.0,7756777743.0,6.86915388907257e-05
390,2021-01-25,10624.980000000001,480329.0,13280.0,7756777743.0,7.904429136870784e-05
391,2021-01-26,10631.95,568724.0,15353.0,7756777743.0,9.311263309713734e-05
392,2021-01-27,10642.119999999999,586156.0,15556.0,7756777743.0,9.562166463636935e-05
393,2021-01-28,10633.79,561557.0,15275.0,7756777743.0,9.208810973662573e-05
394,2021-01-29,10629.170000000006,551417.0,13729.0,7756777743.0,8.878777023378225e-05
395,2021-01-30,10639.359999999995,461362.0,13136.0,7756777743.0,7.641343089079664e-05
396,2021-01-31,10660.659999999998,364956.0,10769.0,7756777743.0,6.093329158831875e-05
397,2021-02-01,10543.959999999997,417763.0,12100.0,7756777743.0,6.945706295197119e-05
398,2021-02-02,10512.470000000005,486665.0,13581.0,7756777743.0,8.024917312626937e-05
399,2021-02-03,10547.660000000002,479891.0,13420.0,7756777743.0,7.916831193908814e-05
400,2021-02-04,10516.649999999998,485684.0,12891.0,7756777743.0,7.923315845353853e-05
401,2021-02-05,10511.099999999999,453535.0,12508.0,7756777743.0,7.459476333741331e-05
402,2021-02-06,10528.680000000004,388151.0,11434.0,7757427085.0,6.477547187928225e-05
403,2021-02-07,10506.460000000001,316212.0,9163.0,7756777743.0,5.257879154369887e-05
404,2021-02-08,10455.080000000004,339761.0,10527.0,7756777743.0,5.737317926913818e-05
405,2021-02-09,10460.620000000003,411795.0,12114.0,7756777743.0,6.870572003702698e-05
406,2021-02-10,10470.799999999997,429042.0,11894.0,7756777743.0,7.064557193153033e-05
407,2021-02-11,10452.290000000006,415504.0,12051.0,7756777743.0,6.9102663213951e-05
408,2021-02-12,10483.770000000004,395518.0,11114.0,7756777743.0,6.53181020246747e-05
409,2021-02-13,10508.779999999992,341233.0,9683.0,7756777743.0,5.647486811070797e-05
410,2021-02-14,10503.229999999992,264947.0,8235.0,7756777743.0,4.4773359699962205e-05
411,2021-02-15,10500.93,304456.0,8723.0,7756777743.0,5.049596791057624e-05
412,2021-02-16,10493.96,366270.0,9642.0,7756777743.0,5.964976892854103e-05
413,2021-02-17,10477.29,383709.0,10095.0,7756777743.0,6.248200168393042e-05
414,2021-02-18,10445.799999999997,383463.0,10092.0,7756777743.0,6.244641989866539e-05
415,2021-02-19,10456.909999999998,380875.0,10153.0,7756777743.0,6.2191417104266e-05
416,2021-02-20,10449.500000000004,344936.0,8873.0,7757427085.0,5.590332918997717e-05
417,2021-02-21,10457.84,281340.0,7389.0,7756777743.0,4.57960781873082e-05
418,2021-02-22,10409.679999999993,318240.0,8350.0,7756777743.0,5.1792124682513285e-05
419,2021-02-23,10450.389999999994,414200.0,9561.0,7756777743.0,6.572445632596231e-05
420,2021-02-24,10434.66,425635.0,9491.0,7756777743.0,6.710840728545547e-05
421,2021-02-25,10432.809999999992,424335.0,10463.0,7756777743.0,6.819390957506258e-05
422,2021-02-26,10462.440000000004,411192.0,9319.0,7756777743.0,6.502468121575003e-05
423,2021-02-27,10467.529999999993,364516.0,8524.0,7756777743.0,5.798232396253409e-05
424,2021-02-28,10488.830000000004,286127.0,6851.0,7756777743.0,4.571962891679311e-05
425,2021-03-01,10468.009999999998,329837.0,7812.0,7756777743.0,5.25936172875593e-05
426,2021-03-02,10366.180000000004,410359.0,9027.0,7756777743.0,6.45408462878527e-05
427,2021-03-03,10384.71,432880.0,9349.0,7756777743.0,6.785936344186418e-05
428,2021-03-04,10381.930000000002,443285.0,9023.0,7756777743.0,6.878049335388828e-05
429,2021-03-05,10395.829999999998,430419.0,9298.0,7756777743.0,6.747634357221778e-05
430,2021-03-06,10388.429999999993,377728.0,7879.0,7756777743.0,5.885407770152736e-05
431,2021-03-07,10362.51,347136.0,6781.0,7756777743.0,5.349463575573794e-05
432,2021-03-08,10348.609999999997,339108.0,7712.0,7756777743.0,5.365991056990377e-05
433,2021-03-09,10354.170000000007,433836.0,8954.0,7756777743.0,6.747337842344569e-05
434,2021-03-10,10454.149999999994,470595.0,9753.0,7756777743.0,7.324239765831847e-05
435,2021-03-11,10494.879999999996,465457.0,9536.0,7756777743.0,7.230025386586612e-05
436,2021-03-12,10487.939999999997,476348.0,9112.0,7756777743.0,7.315769753904628e-05
437,2021-03-13,10495.820000000003,421172.0,8255.0,7756777743.0,6.493959433794234e-05
438,2021-03-14,10495.819999999992,346648.0,6761.0,7756777743.0,5.340593913159902e-05
439,2021-03-15,10450.899999999998,373960.0,7816.0,7756777743.0,5.828708968849979e-05
440,2021-03-16,10430.099999999997,515899.0,10286.0,7756777743.0,7.977010822030975e-05
441,2021-03-17,10470.369999999997,545688.0,9742.0,7756777743.0,8.290916941385412e-05
442,2021-03-18,10470.369999999994,548784.0,10169.0,7756777743.0,8.385879053799261e-05
443,2021-03-19,10457.869999999997,537678.0,9745.0,7756777743.0,8.188039170945213e-05
444,2021-03-20,10469.889999999998,489233.0,10839.0,7756777743.0,7.70452654182746e-05
445,2021-03-21,10455.08,395231.0,7184.0,7756777743.0,6.0214565309867483e-05
446,2021-03-22,10468.510000000002,453735.0,8715.0,7756777743.0,6.973063015607408e-05
447,2021-03-23,10439.82,554688.0,10929.0,7756777743.0,8.559971962574253e-05
448,2021-03-24,10430.559999999994,632550.0,9730.0,7756777743.0,9.409190570899667e-05
449,2021-03-25,10476.39999999999,630202.0,10220.0,7757427085.0,9.441300472113945e-05
450,2021-03-26,10499.999999999995,605967.0,11556.0,7756777743.0,9.301890861203705e-05
451,2021-03-27,10543.990000000003,559639.0,10270.0,7756777743.0,8.538842054585346e-05
452,2021-03-28,10598.60999999999,445678.0,7919.0,7756777743.0,6.76657263350958e-05
453,2021-03-29,10631.47,486707.0,9525.0,7756777743.0,7.502561234594859e-05
454,2021-03-30,10625.489999999996,626214.0,12036.0,7756777743.0,9.624795562483864e-05
455,2021-03-31,10616.229999999998,685137.0,11977.0,7756777743.0,0.00010376821750840773
456,2021-04-01,10546.779999999997,663645.0,12198.0,7756777743.0,0.00010128239148130508
457,2021-04-02,10556.029999999997,602362.0,10682.0,7756777743.0,9.142739723849788e-05
458,2021-04-03,10606.510000000002,539599.0,9476.0,7756777743.0,8.1781252604855e-05
459,2021-04-04,10602.809999999994,509567.0,8152.0,7756777743.0,7.620264748895487e-05
460,2021-04-05,10669.909999999994,526161.0,8538.0,7756777743.0,7.883956718392208e-05
461,2021-04-06,10706.009999999998,668952.0,13077.0,7756777743.0,0.0001030997698395701
462,2021-04-07,10704.140000000001,731273.0,13490.0,7756777743.0,0.0001116666003201737
463,2021-04-08,10701.359999999995,813835.0,13653.0,7757427085.0,0.00012251033617030767
464,2021-04-09,10720.820000000003,765262.0,13011.0,7756777743.0,0.00011543092114609271
465,2021-04-10,10748.12999999999,694592.0,11052.0,7756777743.0,0.00010379464600833285
466,2021-04-11,10738.86,580654.0,9223.0,7756777743.0,8.674787679809894e-05
467,2021-04-12,10595.340000000004,656174.0,10503.0,7756777743.0,9.813404808290896e-05
468,2021-04-13,10558.349999999997,802813.0,13843.0,7756777743.0,0.00012134458807323854
469,2021-04-14,10541.680000000008,815179.0,13267.0,7756777743.0,0.00012219623036838635
470,2021-04-15,10547.699999999993,817169.0,13578.0,7756777743.0,0.00012285371987871846
471,2021-04-16,10544.919999999996,839395.0,13200.0,7756777743.0,0.00012523176919393138
472,2021-04-17,10556.029999999992,784622.0,12663.0,7756777743.0,0.0001174781629939503
473,2021-04-18,10579.179999999997,668355.0,10434.0,7756777743.0,9.961546219334546e-05
474,2021-04-19,10503.239999999998,730412.0,11758.0,7756777743.0,0.00010932271467559568
475,2021-04-20,10497.679999999998,882274.0,14439.0,7756777743.0,0.0001323570216932539
476,2021-04-21,10521.320000000003,902559.0,14744.0,7756777743.0,0.00013536535850180282
477,2021-04-22,10571.319999999992,874113.0,13415.0,7756777743.0,0.00012998477375607333
478,2021-04-23,10567.629999999996,863326.0,14117.0,7757427085.0,0.0001294882941203952
479,2021-04-24,10598.179999999998,797862.0,13751.0,7756777743.0,0.00012058770161928565
480,2021-04-25,10599.1,672409.0,11036.0,7756777743.0,0.0001009141973555191
481,2021-04-26,10568.56,753259.0,12535.0,7756777743.0,0.00011326984336928938
482,2021-04-27,10475.509999999998,877573.0,15220.0,7756777743.0,0.00013275783245553281
483,2021-04-28,10504.659999999996,885802.0,15126.0,7756777743.0,0.0001336975267772604
484,2021-04-29,10565.779999999995,879948.0,14745.0,7756777743.0,0.000132451648614937
485,2021-04-30,10564.849999999999,838900.0,13860.0,7756777743.0,0.00012601882281365246
486,2021-05-01,10531.029999999999,746171.0,13472.0,7756777743.0,0.00011356403769528504
487,2021-05-02,10540.290000000003,648077.0,11057.0,7756777743.0,9.78044008911601e-05
488,2021-05-03,10530.080000000002,719588.0,11784.0,7756777743.0,0.00010796080895262542
489,2021-05-04,10560.149999999992,844706.0,14346.0,7756777743.0,0.00012739387832682935
490,2021-05-05,10552.75,845194.0,14171.0,7756777743.0,0.0001272311819029001
491,2021-05-06,10547.189999999997,823056.0,14171.0,7756777743.0,0.00012437716175001147
492,2021-05-07,10547.189999999999,817021.0,13694.0,7756777743.0,0.00012298418642469025
493,2021-05-08,10486.079999999998,715656.0,13145.0,7756777743.0,0.00010920849198811445
494,2021-05-09,10495.810000000001,604737.0,10916.0,7756777743.0,9.20352527367755e-05
495,2021-05-10,10368.019999999997,653941.0,11814.0,7756777743.0,9.953630561308195e-05
496,2021-05-11,10290.71,751241.0,13577.0,7756777743.0,0.00011435302510768356
497,2021-05-12,10275.42,723540.0,13437.0,7756777743.0,0.00011060133839392386
498,2021-05-13,10266.619999999995,696234.0,12701.0,7756777743.0,0.00010613221459683121
499,2021-05-14,10266.620000000004,666241.0,12816.0,7756777743.0,0.00010241378911712361
500,2021-05-15,10257.829999999998,594040.0,12321.0,7756777743.0,9.24675198599409e-05
501,2021-05-16,10257.830000000004,515233.0,10818.0,7756777743.0,8.037009962836574e-05
502,2021-05-17,10217.069999999998,560694.0,11556.0,7757427085.0,8.717503788177727e-05
503,2021-05-18,10200.380000000006,655783.0,13395.0,7756777743.0,0.00010181199283590198
504,2021-05-19,10222.140000000003,640584.0,13022.0,7756777743.0,9.937167539647526e-05
505,2021-05-20,10239.73,636003.0,12828.0,7756777743.0,9.853099125983299e-05
506,2021-05-21,10225.830000000002,601570.0,12168.0,7756777743.0,9.324103693091984e-05
507,2021-05-22,10225.830000000004,534523.0,11808.0,7756777743.0,8.41332601786783e-05
508,2021-05-23,10269.359999999999,432346.0,9401.0,7756777743.0,6.785755856869858e-05
509,2021-05-24,10175.890000000005,480512.0,10148.0,7756777743.0,7.503012452886262e-05
510,2021-05-25,10185.209999999995,542478.0,11941.0,7757427085.0,8.532313520288796e-05
511,2021-05-26,10179.199999999999,551847.0,11742.0,7756777743.0,8.628157492381047e-05
512,2021-05-27,10150.949999999999,521608.0,11737.0,7749280755.0,8.245642662871879e-05
513,2021-05-28,10158.34,480811.0,11673.0,7749280755.0,7.710922069954091e-05
514,2021-05-29,10137.04,462705.0,10685.0,7756777743.0,7.342675256023511e-05
515,2021-05-30,10113.889999999998,364001.0,8361.0,7756777743.0,5.770579160965912e-05
516,2021-05-31,10119.429999999998,404787.0,9227.0,7756777743.0,6.408034579159657e-05
517,2021-06-01,9933.76,466002.0,10649.0,7756777743.0,7.38053891664793e-05
518,2021-06-02,9936.549999999996,482250.0,10694.0,7756777743.0,7.59580871750137e-05
519,2021-06-03,9933.309999999996,457364.0,10427.0,7756777743.0,7.240558110703109e-05
520,2021-06-04,9924.049999999997,396082.0,9443.0,7756777743.0,6.323656758667037e-05
521,2021-06-05,9921.279999999997,371700.0,9312.0,7756777743.0,5.9924367488738554e-05
522,2021-06-06,9901.830000000005,296639.0,7841.0,7757427085.0,4.834708671966847e-05
523,2021-06-07,9830.989999999998,346020.0,8325.0,7757427085.0,5.5336646454602156e-05
524,2021-06-08,9730.030000000002,396020.0,13956.0,7756777743.0,6.904671214581686e-05
525,2021-06-09,9714.29,433656.0,11318.0,7756777743.0,7.049783017097336e-05
526,2021-06-10,9692.539999999997,416485.0,11702.0,7756777743.0,6.877920415876998e-05
527,2021-06-11,9669.399999999998,401032.0,10452.0,7749280755.0,6.523857064719293e-05
528,2021-06-12,9664.77,354513.0,11019.0,7757427085.0,5.990426914853818e-05
529,2021-06-13,9673.099999999999,278101.0,8169.0,7749280755.0,4.6428954037812506e-05
530,2021-06-14,9695.3,320070.0,7952.0,7756777743.0,5.1514947732079164e-05
531,2021-06-15,9634.200000000006,398218.0,9783.0,7756777743.0,6.395026600416028e-05
532,2021-06-16,9660.590000000002,400775.0,9446.0,7756777743.0,6.384545444104263e-05
533,2021-06-17,9690.21,384429.0,9034.0,7749280755.0,6.126620198831601e-05
534,2021-06-18,9734.650000000003,389358.0,8925.0,7756777743.0,6.170190971784816e-05
535,2021-06-19,9750.390000000007,346841.0,8468.0,7756777743.0,5.563147666431726e-05
536,2021-06-20,9736.500000000004,277578.0,6953.0,7757427085.0,4.4745248159815606e-05
537,2021-06-21,9721.219999999998,324600.0,7103.0,7756777743.0,5.100442646523306e-05
538,2021-06-22,9667.040000000003,407574.0,8342.0,7756777743.0,6.329870679137235e-05
539,2021-06-23,9655.94,438186.0,8646.0,7756777743.0,6.763710620346957e-05
540,2021-06-24,9639.280000000004,401632.0,8343.0,7756777743.0,6.253395624719783e-05
541,2021-06-25,9662.420000000004,403013.0,8541.0,7756777743.0,6.296725472645787e-05
542,2021-06-26,9612.420000000002,357167.0,7657.0,7756777743.0,5.5917162302532145e-05
543,2021-06-27,9656.859999999997,296816.0,6127.0,7756777743.0,4.616427231309417e-05
544,2021-06-28,9636.050000000003,361860.0,6346.0,7756777743.0,5.4832046771460524e-05
545,2021-06-29,9586.049999999994,420169.0,8636.0,7757427085.0,6.529600529271362e-05
546,2021-06-30,9561.510000000002,403907.0,9034.0,7756777743.0,6.371808196335477e-05
547,2021-07-01,9495.740000000003,434916.0,7965.0,7756777743.0,6.633759752422495e-05
548,2021-07-02,9463.8,426636.0,8039.0,7756777743.0,6.536554440502808e-05
549,2021-07-03,9469.370000000003,376554.0,7657.0,7756777743.0,5.841652487837694e-05
550,2021-07-04,9446.200000000004,323517.0,6308.0,7757427085.0,4.983572462415223e-05
551,2021-07-05,9434.160000000007,389835.0,6870.0,7756777743.0,5.911410835688811e-05
552,2021-07-06,9393.849999999997,475073.0,8104.0,7756777743.0,7.169381648221863e-05
553,2021-07-07,9404.029999999997,486375.0,8473.0,7757427085.0,7.362041482855911e-05
554,2021-07-08,9380.89,493083.0,8703.0,7757427085.0,7.478162458293992e-05
555,2021-07-09,9349.429999999998,483094.0,8064.0,7756777743.0,7.267631208187371e-05
556,2021-07-10,9353.13,428288.0,7432.0,7756777743.0,6.479597800176392e-05
557,2021-07-11,9350.360000000004,378734.0,7737.0,7756777743.0,5.880070502362981e-05
558,2021-07-12,9369.329999999996,473856.0,7337.0,7749280755.0,7.061636005985693e-05
559,2021-07-13,9407.330000000004,539361.0,8086.0,7756777743.0,7.995858854660495e-05
560,2021-07-14,9435.570000000003,576579.0,8145.0,7756777743.0,8.483277744986691e-05
561,2021-07-15,9354.55,576221.0,8367.0,7749280755.0,8.515512869684381e-05
562,2021-07-16,9345.289999999997,556321.0,8265.0,7756777743.0,8.237582939341415e-05
563,2021-07-17,9364.739999999994,480130.0,7473.0,7749280755.0,7.160148374311933e-05
564,2021-07-18,9366.589999999997,435787.0,7035.0,7756777743.0,6.525093495901136e-05
565,2021-07-19,9298.539999999997,499120.0,19941.0,7749280755.0,9.014126885895748e-05
566,2021-07-20,9317.999999999996,519066.0,8286.0,7756777743.0,7.760000607767833e-05
567,2021-07-21,9310.599999999995,550750.0,8664.0,7756777743.0,8.217200764521119e-05
568,2021-07-22,9308.750000000004,590006.0,8922.0,7757427085.0,8.755815459914182e-05
569,2021-07-23,9356.429999999997,634045.0,8971.0,7756777743.0,9.33061412843939e-05
570,2021-07-24,9374.019999999999,510326.0,8735.0,7756777743.0,7.705209815240158e-05
571,2021-07-25,9401.81,449432.0,7905.0,7757427085.0,6.812593843413483e-05
572,2021-07-26,9391.649999999992,557336.0,8411.0,7749930097.0,8.276797235220276e-05
573,2021-07-27,9347.220000000003,647011.0,10216.0,7756777743.0,9.658275959706068e-05
574,2021-07-28,9338.89,669402.0,10110.0,7756777743.0,9.933274170390266e-05
575,2021-07-29,9347.689999999993,648367.0,9761.0,7756777743.0,9.617099067627624e-05
576,2021-07-30,9344.899999999996,633968.0,9229.0,7757427085.0,9.362098954230777e-05
577,2021-07-31,9330.089999999997,558433.0,8820.0,7749280755.0,8.344426024089768e-05
578,2021-08-01,9291.659999999998,496973.0,9516.0,7756777743.0,7.633749729832887e-05
579,2021-08-02,9297.240000000007,587103.0,9258.0,7756777743.0,8.762440055902991e-05
580,2021-08-03,9318.529999999999,662912.0,9944.0,7756777743.0,9.82820476824896e-05
581,2021-08-04,9321.77,725478.0,10828.0,7757427085.0,0.00010747867699745192
582,2021-08-05,9316.22,694110.0,10497.0,7756777743.0,0.00010301700351297534
583,2021-08-06,9333.829999999998,662858.0,9793.0,7757427085.0,9.807220766162058e-05
584,2021-08-07,9343.100000000002,612102.0,10181.0,7757427085.0,9.202948247885465e-05
585,2021-08-08,9355.140000000001,522914.0,8567.0,7756777743.0,7.845835218744129e-05
586,2021-08-09,9419.009999999997,587161.0,9381.0,7756777743.0,8.779044889026673e-05
587,2021-08-10,9511.140000000003,689133.0,11145.0,7756777743.0,0.00010321076953925557
588,2021-08-11,9504.200000000006,711388.0,10319.0,7756777743.0,0.00010501499810731396
589,2021-08-12,9498.640000000003,716513.0,10478.0,7756777743.0,0.00010588069262925122
590,2021-08-13,9506.980000000001,674444.0,10065.0,7756777743.0,9.99247401022252e-05
591,2021-08-14,9530.13,608081.0,10405.0,7756777743.0,9.180758087888403e-05
592,2021-08-15,9477.81,538138.0,8869.0,7756777743.0,8.08103597612646e-05
593,2021-08-16,9491.7,608558.0,9454.0,7756777743.0,9.064305092852524e-05
594,2021-08-17,9521.789999999999,729687.0,10792.0,7756777743.0,0.00010798388554524296
595,2021-08-18,9529.200000000003,727335.0,10742.0,7757427085.0,0.00010760719899180336
596,2021-08-19,9525.500000000005,716268.0,10543.0,7756777743.0,0.00010593290503154229
597,2021-08-20,9497.730000000003,671402.0,9896.0,7756777743.0,9.931469297224648e-05
598,2021-08-21,9512.529999999997,588654.0,11089.0,7756777743.0,9.018487098348204e-05
599,2021-08-22,9508.82,542618.0,8718.0,7756777743.0,8.119325071139917e-05
600,2021-08-23,9535.179999999997,610607.0,9635.0,7756777743.0,9.114055132467652e-05
601,2021-08-24,9520.860000000004,715758.0,11117.0,7756777743.0,0.00010660715407841228
602,2021-08-25,9519.939999999993,721903.0,10637.0,7756777743.0,0.00010678055082182339
603,2021-08-26,9506.040000000008,729159.0,10816.0,7756777743.0,0.00010794675672583596
604,2021-08-27,9507.890000000007,671946.0,10103.0,7756777743.0,9.965168857616963e-05
605,2021-08-28,9496.320000000003,578562.0,9218.0,7757427085.0,8.646449301430979e-05
606,2021-08-29,9498.169999999998,504582.0,9567.0,7756777743.0,7.73841948148752e-05
607,2021-08-30,9464.850000000004,558755.0,8554.0,7756777743.0,8.306219687439612e-05
608,2021-08-31,9421.350000000008,671106.0,10412.0,7756777743.0,9.994175747778674e-05
609,2021-09-01,9385.679999999997,679444.0,10079.0,7756777743.0,0.00010058738639303049
610,2021-09-02,9373.630000000005,672066.0,9939.0,7749280755.0,9.955194867630008e-05
611,2021-09-03,9362.970000000003,622106.0,9746.0,7756777743.0,9.276609744933876e-05
612,2021-09-04,9374.070000000002,537620.0,9535.0,7756777743.0,8.160218340292336e-05
613,2021-09-05,9374.07,502574.0,8225.0,7756777743.0,7.539522458636469e-05
614,2021-09-06,9369.899999999998,532807.0,8414.0,7757427085.0,7.952984839431462e-05
615,2021-09-07,9318.970000000005,561877.0,9184.0,7756777743.0,8.427687651485671e-05
616,2021-09-08,9307.870000000003,591362.0,9157.0,7756777743.0,8.804326005296501e-05
617,2021-09-09,9290.280000000006,620720.0,9557.0,7756777743.0,9.234375712858427e-05
618,2021-09-10,9291.660000000005,559267.0,9121.0,7757427085.0,8.385215779311447e-05
619,2021-09-11,9294.43,508347.0,9441.0,7756777743.0,7.770713819200891e-05
620,2021-09-12,9283.330000000004,462727.0,7256.0,7757427085.0,6.900316227722558e-05
621,2021-09-13,9310.189999999999,486081.0,7761.0,7756777743.0,7.267076854286503e-05
622,2021-09-14,9286.600000000004,554807.0,9689.0,7756777743.0,8.401645910096047e-05
623,2021-09-15,9287.08000000001,546141.0,9523.0,7756777743.0,8.268523622180572e-05
624,2021-09-16,9308.380000000003,575659.0,8808.0,7749280755.0,8.565169090973269e-05
625,2021-09-17,9301.899999999998,520097.0,8636.0,7756777743.0,7.818414038577926e-05
626,2021-09-18,9287.540000000003,592380.0,8564.0,7756777743.0,8.741000741085691e-05
627,2021-09-19,9288.93,424295.0,6722.0,7756777743.0,6.336587385703568e-05
628,2021-09-20,9256.980000000003,450056.0,7150.0,7756777743.0,6.723874491191542e-05
629,2021-09-21,9265.780000000004,500755.0,8603.0,7756777743.0,7.564803574906298e-05
630,2021-09-22,9226.890000000007,524903.0,9307.0,7756777743.0,7.966877748401151e-05
631,2021-09-23,9234.3,511901.0,7923.0,7756777743.0,7.620831994747539e-05
632,2021-09-24,9225.960000000001,475919.0,7982.0,7756777743.0,7.164560058479427e-05
633,2021-09-25,9225.02,403960.0,6899.0,7757427085.0,6.096737936660864e-05
634,2021-09-26,9205.57,378805.0,6006.0,7757427085.0,5.6573525627924096e-05
635,2021-09-27,9129.66,432612.0,6941.0,7756777743.0,6.472043116783164e-05
636,2021-09-28,9094.470000000001,468579.0,8669.0,7757427085.0,7.157901633051573e-05
637,2021-09-29,9089.84,474076.0,8253.0,7757427085.0,7.175136728984156e-05
638,2021-09-30,9084.290000000006,481318.0,7530.0,7756777743.0,7.175892083569269e-05
639,2021-10-01,9024.540000000003,439304.0,7495.0,7756777743.0,6.629737463653404e-05
640,2021-10-02,9016.219999999998,344499.0,6160.0,7756777743.0,5.2354084834579486e-05
641,2021-10-03,9002.320000000003,361454.0,5730.0,7749930097.0,5.4033261559623586e-05
642,2021-10-04,8988.420000000004,406737.0,6145.0,7756777743.0,6.0358439485069566e-05
643,2021-10-05,8961.580000000004,451931.0,7701.0,7757427085.0,6.818510753685029e-05
644,2021-10-06,8951.4,452595.0,7551.0,7757427085.0,6.807733984650144e-05
645,2021-10-07,8936.130000000006,447684.0,7052.0,7756777743.0,6.680660670826185e-05
646,2021-10-08,8930.580000000002,424748.0,7609.0,7756777743.0,6.456779046582514e-05
647,2021-10-09,8933.82,360445.0,6201.0,7757427085.0,5.4458133524306276e-05
648,2021-10-10,8930.120000000004,342167.0,5316.0,7749280755.0,5.101466994145575e-05
649,2021-10-11,8929.670000000007,398563.0,5738.0,7756777743.0,5.877994898222521e-05
650,2021-10-12,8984.290000000006,438421.0,7347.0,7756777743.0,6.599273783008017e-05
651,2021-10-13,8993.570000000003,441215.0,7149.0,7756777743.0,6.609767831270965e-05
652,2021-10-14,8990.790000000003,419809.0,6289.0,7756777743.0,6.222931944074396e-05
653,2021-10-15,8992.640000000005,435597.0,7292.0,7757427085.0,6.555227582909341e-05
654,2021-10-16,9006.530000000002,356267.0,6136.0,7756777743.0,5.384026896695369e-05
655,2021-10-17,9003.290000000003,339594.0,5250.0,7756777743.0,5.0548567071402806e-05
656,2021-10-18,8990.310000000001,424411.0,5929.0,7756777743.0,6.235849679159744e-05
657,2021-10-19,8984.280000000002,460875.0,7662.0,7756777743.0,6.929359301097098e-05
658,2021-10-20,8955.58,456396.0,7085.0,7756777743.0,6.797229693422712e-05
659,2021-10-21,8978.730000000009,470656.0,7787.0,7756777743.0,7.071570414596575e-05
660,2021-10-22,8965.76,437513.0,7813.0,7756777743.0,6.647644383846567e-05
661,2021-10-23,8955.130000000005,322527.0,5226.0,7756777743.0,4.8317357080164054e-05
662,2021-10-24,8959.760000000007,345323.0,6090.0,7756777743.0,5.237007085404639e-05
663,2021-10-25,8961.610000000006,448529.0,6427.0,7756777743.0,6.610979674682165e-05
664,2021-10-26,8871.770000000004,503624.0,8797.0,7756777743.0,7.626800968145259e-05
665,2021-10-27,8855.100000000004,482476.0,8476.0,7756777743.0,7.312778821230175e-05
666,2021-10-28,8852.790000000003,471822.0,7435.0,7757427085.0,7.040633370000925e-05
667,2021-10-29,8843.520000000002,480967.0,7478.0,7756777743.0,7.164663194088891e-05
668,2021-10-30,8868.52,364604.0,6238.0,7756777743.0,5.504656883914535e-05
669,2021-10-31,8868.520000000002,334552.0,5631.0,7757427085.0,5.038552031714005e-05
670,2021-11-01,8812.039999999999,456437.0,6323.0,7756777743.0,6.699521595406888e-05
671,2021-11-02,8768.529999999999,480162.0,7802.0,7756777743.0,7.196055095219453e-05
672,2021-11-03,8779.640000000007,511293.0,7761.0,7757427085.0,7.591473223624892e-05
673,2021-11-04,8779.639999999996,508131.0,7622.0,7756777743.0,7.533424565726918e-05
674,2021-11-05,8776.859999999999,482121.0,7832.0,7756777743.0,7.22517801294181e-05
675,2021-11-06,8736.580000000002,389722.0,6441.0,7756777743.0,5.85464757463014e-05
676,2021-11-07,8674.539999999999,361082.0,5729.0,7756777743.0,5.393631400326691e-05
677,2021-11-08,8591.199999999997,539246.0,6986.0,7749280755.0,7.860161726712404e-05
678,2021-11-09,8568.969999999998,539634.0,8112.0,7756777743.0,8.002730264641025e-05
679,2021-11-10,8542.119999999995,558029.0,8085.0,7756777743.0,8.23639687983258e-05
680,2021-11-11,8535.63,507773.0,7093.0,7757427085.0,7.459986328701664e-05
681,2021-11-12,8561.560000000005,528784.0,7859.0,7756777743.0,7.830235957812721e-05
682,2021-11-13,8574.519999999999,427799.0,7016.0,7756777743.0,6.419663119126707e-05
683,2021-11-14,8572.680000000002,388290.0,5704.0,7756777743.0,5.7411726203175295e-05
684,2021-11-15,8578.250000000002,582996.0,6973.0,7756777743.0,8.414911727863336e-05
685,2021-11-16,8545.37,598224.0,8320.0,7757427085.0,8.784149596682932e-05
686,2021-11-17,8551.380000000005,602146.0,7763.0,7756777743.0,8.76363900736301e-05
687,2021-11-18,8551.380000000001,594040.0,7708.0,7756777743.0,8.652046277923113e-05
688,2021-11-19,8560.640000000001,578903.0,8053.0,7756777743.0,8.5013780444476e-05
689,2021-11-20,8568.970000000008,461456.0,6320.0,7756777743.0,6.763839539858787e-05
690,2021-11-21,8569.879999999996,419832.0,5686.0,7756777743.0,6.145489993318221e-05
691,2021-11-22,8556.470000000005,675344.0,7626.0,7756777743.0,9.689642076934266e-05
692,2021-11-23,8539.800000000001,644242.0,8498.0,7756777743.0,9.401094425556754e-05
693,2021-11-24,8540.72,648470.0,8088.0,7756777743.0,9.402744595308175e-05
694,2021-11-25,8564.329999999996,589636.0,7032.0,7756777743.0,8.508120534916299e-05
695,2021-11-26,8577.28,562822.0,6903.0,7756777743.0,8.145805138869762e-05
696,2021-11-27,8609.680000000002,475870.0,6204.0,7756777743.0,6.934709460838035e-05
697,2021-11-28,8643.940000000004,447341.0,5664.0,7756777743.0,6.497298449150626e-05
698,2021-11-29,8687.449999999995,586994.0,7827.0,7756777743.0,8.576551011795569e-05
699,2021-11-30,8679.140000000003,678182.0,8406.0,7756777743.0,9.826786653618832e-05
700,2021-12-01,8808.800000000005,695020.0,8241.0,7756777743.0,0.00010022589608185967
701,2021-12-02,8814.360000000006,684503.0,7316.0,7756777743.0,9.767754409151955e-05
702,2021-12-03,8812.030000000004,652375.0,10027.0,7756777743.0,9.703062598115749e-05
703,2021-12-04,8799.990000000003,511227.0,6327.0,7756777743.0,7.40638727876981e-05
704,2021-12-05,8817.130000000003,448853.0,5515.0,7756777743.0,6.497582072076653e-05
705,2021-12-06,8818.050000000005,665731.0,7131.0,7756777743.0,9.501896591856493e-05
706,2021-12-07,8766.210000000005,692551.0,8193.0,7756777743.0,9.984571244147352e-05
707,2021-12-08,8778.250000000002,673961.0,7755.0,7749280755.0,9.697816142680198e-05
708,2021-12-09,8767.130000000005,662473.0,7398.0,7756777743.0,9.494316124560899e-05
709,2021-12-10,8763.43,627685.0,7428.0,7756777743.0,9.049698512162204e-05
710,2021-12-11,8773.61,512700.0,5769.0,7756777743.0,7.353440035261302e-05
711,2021-12-12,8781.949999999993,451245.0,5308.0,7756777743.0,6.501733280357573e-05
712,2021-12-13,8803.260000000004,689959.0,6848.0,7756777743.0,9.777758563269949e-05
713,2021-12-14,8800.940000000004,719770.0,7836.0,7756777743.0,0.00010289452997673701
714,2021-12-15,8802.34,768010.0,7741.0,7756777743.0,0.00010899113369116937
715,2021-12-16,8794.0,726892.0,6602.0,7756777743.0,0.000102221827964009
716,2021-12-17,8810.659999999998,702646.0,7170.0,7756777743.0,9.982830830737649e-05
717,2021-12-18,8795.390000000001,557187.0,5357.0,7756777743.0,7.87384942866475e-05
718,2021-12-19,8813.910000000005,516808.0,4983.0,7756777743.0,7.305069434422751e-05
719,2021-12-20,8854.19,810725.0,6663.0,7756777743.0,0.00011310817830145478
720,2021-12-21,8832.43,889095.0,8002.0,7756777743.0,0.0001249378327069594
721,2021-12-22,8811.590000000004,977542.0,7025.0,7756777743.0,0.0001350808331391944
722,2021-12-23,8856.04,1007891.0,6326.0,7756777743.0,0.00013809226401602725
723,2021-12-24,8882.880000000001,919713.0,5731.0,7756777743.0,0.00012595732820650963
724,2021-12-25,8887.509999999998,669430.0,4849.0,7756777743.0,9.255389593286687e-05
725,2021-12-26,8890.300000000001,674308.0,4241.0,7756777743.0,9.239893467964743e-05
726,2021-12-27,8902.339999999997,1255073.0,6556.0,7756777743.0,0.00017025536166635527
727,2021-12-28,8943.089999999998,1512698.0,7681.0,7757427085.0,0.00020490144252512815
728,2021-12-29,8949.569999999998,1813087.0,6771.0,7756777743.0,0.00024247143109099652
729,2021-12-30,8909.29,1917005.0,6564.0,7756777743.0,0.0002556016255318404
730,2021-12-31,8928.269999999995,1679088.0,5817.0,7757427085.0,0.00022394770598091932
731,2022-01-01,8992.139999999996,1292955.0,4392.0,7756777743.0,0.00017234927237749526
732,2022-01-02,8969.009999999998,1189222.0,3893.0,7756777743.0,0.00015833275629282138
733,2022-01-03,8929.660000000005,2252840.0,6436.0,7756777743.0,0.000298732292812067
734,2022-01-04,8969.460000000003,2608125.0,7981.0,7756777743.0,0.0003465272680302966
735,2022-01-05,8962.070000000003,2760800.0,7101.0,7756777743.0,0.00036507556279481246
736,2022-01-06,8943.54,2673745.0,6559.0,7756777743.0,0.0003531537309383495
737,2022-01-07,8950.470000000001,2764078.0,6950.0,7756777743.0,0.00036530349249172756
738,2022-01-08,8976.390000000003,2273622.0,5530.0,7756777743.0,0.00030024348732973614
739,2022-01-09,8971.76,2030720.0,4650.0,7756777743.0,0.00026779418836314595
740,2022-01-10,8940.749999999996,3173891.0,7255.0,7756777743.0,0.00041852958890432396
741,2022-01-11,8960.18,3262622.0,9447.0,7756777743.0,0.0004327946618078058
742,2022-01-12,8962.04,3333247.0,7662.0,7756777743.0,0.0004395983890446247
743,2022-01-13,9009.260000000007,3333560.0,7574.0,7756777743.0,0.0004395252916814172
744,2022-01-14,8994.450000000004,3263382.0,8289.0,7756777743.0,0.0004313997526898071
745,2022-01-15,8994.439999999999,2556687.0,7495.0,7756777743.0,0.0003392693573533012
746,2022-01-16,8993.509999999998,2263747.0,5623.0,7756777743.0,0.0002990903022964184
747,2022-01-17,9000.92,3280361.0,7148.0,7756777743.0,0.00043211770545118736
748,2022-01-18,9085.16,3832214.0,9094.0,7756777743.0,0.0005057710985132193
749,2022-01-19,9102.749999999995,3821517.0,9309.0,7757427085.0,0.0005046269796811116
750,2022-01-20,9107.839999999997,3756916.0,9192.0,7756777743.0,0.0004961900582330505
751,2022-01-21,9115.25,3580256.0,10088.0,7756777743.0,0.0004745702560991891
752,2022-01-22,9143.939999999995,2842235.0,7872.0,7756777743.0,0.00037656809267688204
753,2022-01-23,9151.339999999997,2597904.0,6512.0,7756777743.0,0.00034331575407110386
754,2022-01-24,9148.54,3473289.0,9407.0,7756777743.0,0.00045990218080172726
755,2022-01-25,9096.729999999998,3656332.0,10761.0,7756777743.0,0.00048524556519576945
756,2022-01-26,9090.239999999994,3629122.0,10442.0,7756777743.0,0.00048132641203614285
757,2022-01-27,9097.639999999996,3518957.0,10543.0,7756777743.0,0.00046725420272235844
758,2022-01-28,9079.130000000003,3274985.0,11134.0,7756777743.0,0.000436563365897127
759,2022-01-29,9071.729999999996,2689449.0,9837.0,7756777743.0,0.0003594042645499067
760,2022-01-30,9067.109999999997,2364786.0,7749.0,7756777743.0,0.000314857029673694
761,2022-01-31,9053.22,2909428.0,10826.0,7756777743.0,0.00038903886381471634
762,2022-02-01,8931.480000000005,3260342.0,12833.0,7756777743.0,0.0004368659399913916
763,2022-02-02,8973.149999999992,3033280.0,11913.0,7756777743.0,0.00040640715828745385
764,2022-02-03,8973.15,3161274.0,11357.0,7756777743.0,0.00042219128979882647
765,2022-02-04,8955.550000000003,2567758.0,10828.0,7756777743.0,0.0003449935125980572
766,2022-02-05,8925.929999999997,2213805.0,10242.0,7756777743.0,0.0002986065962880329
767,2022-02-06,8924.079999999996,1923479.0,8223.0,7756777743.0,0.0002585750251526834
768,2022-02-07,8872.709999999995,2626105.0,11510.0,7749280755.0,0.00035373669978743726
769,2022-02-08,8831.049999999997,2682090.0,13420.0,7749280755.0,0.0003634259861062422
770,2022-02-09,8781.04,2521320.0,11645.0,7749280755.0,0.00034038900943136625
771,2022-02-10,8772.71,2319686.0,10993.0,7749280755.0,0.00031352793592261585
772,2022-02-11,8786.590000000006,2044367.0,11114.0,7749280755.0,0.0002781557499525645
773,2022-02-12,8765.29,1683007.0,8734.0,7749280755.0,0.00022845307273939387
774,2022-02-13,8747.240000000002,1576981.0,7122.0,7749280755.0,0.0002126908357187273
775,2022-02-14,8724.1,1822190.0,10378.0,7749280755.0,0.0002485353235856532
776,2022-02-15,8654.66,2102004.0,11190.0,7749280755.0,0.00028569154609239605
777,2022-02-16,8623.180000000004,2003547.0,10875.0,7749280755.0,0.00027257974859629406
778,2022-02-17,8545.390000000005,1910977.0,10484.0,7749280755.0,0.00026012956088851885
779,2022-02-18,8526.41,1704078.0,10169.0,7749280755.0,0.00023302394855611344
780,2022-02-19,8516.229999999998,1438614.0,8134.0,7749280755.0,0.00019614129982570234
781,2022-02-20,8507.89,1352245.0,6704.0,7749280755.0,0.00018315054582120375
782,2022-02-21,8435.66,1573314.0,7511.0,7749280755.0,0.00021271961258293576
783,2022-02-22,8393.059999999998,1876844.0,10570.0,7749930097.0,0.00025581443641245786
784,2022-02-23,8364.340000000002,1746409.0,9821.0,7749280755.0,0.00023803744609586028
785,2022-02-24,8353.220000000003,1577475.0,9530.0,7749280755.0,0.000215861968727961
786,2022-02-25,8328.689999999997,1448593.0,8368.0,7749280755.0,0.000197730995745811
787,2022-02-26,8319.430000000002,1225639.0,7197.0,7749280755.0,0.000167448959590573
788,2022-02-27,8319.430000000002,1192809.0,5597.0,7756777743.0,0.00016099197906333513
789,2022-02-28,8238.42,1429691.0,7800.0,7749930097.0,0.0001945425289169547
790,2022-03-01,8005.0700000000015,1585187.0,7589.0,7749280755.0,0.00021435240927724007
791,2022-03-02,7964.33,1665304.0,8600.0,7749280755.0,0.00022599568338907086
792,2022-03-03,7950.449999999998,1662010.0,7269.0,7749930097.0,0.00022383427699193092
793,2022-03-04,7946.749999999999,1495952.0,7226.0,7749280755.0,0.00020236871647580408
794,2022-03-05,7922.670000000003,1348494.0,5943.0,7749280755.0,0.00018168447427738087
795,2022-03-06,7928.689999999999,1274206.0,4893.0,7749280755.0,0.00017074307175492186
796,2022-03-07,7905.059999999999,1668590.0,6194.0,7749280755.0,0.00022331491846948833
797,2022-03-08,7841.170000000001,1901646.0,7134.0,7749280755.0,0.00025460246729697947
798,2022-03-09,7755.059999999998,1769887.0,7416.0,7749280755.0,0.00023796363279394436
799,2022-03-10,7736.539999999998,1797536.0,6507.0,7749280755.0,0.0002403585647349539
800,2022-03-11,7714.319999999997,1861683.0,5868.0,7749280755.0,0.0002478117725649495
801,2022-03-12,7717.099999999997,1378772.0,5287.0,7749280755.0,0.00018474514542220894
802,2022-03-13,7696.73,1535211.0,4174.0,7749280755.0,0.00020349643403776767
803,2022-03-14,7540.699999999995,1669397.0,5653.0,7749280755.0,0.0002227209278598398
804,2022-03-15,7440.689999999999,2214265.0,6160.0,7749280755.0,0.00029368725588262677
805,2022-03-16,7386.520000000003,2057277.0,6240.0,7749280755.0,0.0002735320950440903
806,2022-03-17,7386.990000000001,1767974.0,5647.0,7749280755.0,0.0002354339786725149
807,2022-03-18,7366.629999999996,1752866.0,5053.0,7749280755.0,0.00023271785563278382
808,2022-03-19,7369.420000000002,1217844.0,4523.0,7749280755.0,0.0001629924169652826
809,2022-03-20,7330.529999999998,1388393.0,3756.0,7749280755.0,0.00018401101277430747
810,2022-03-21,7318.489999999996,1821761.0,15862.0,7749280755.0,0.0002555567494082875
811,2022-03-22,7315.719999999998,1817685.0,4975.0,7749280755.0,0.00024098171934151325
812,2022-03-23,7301.84,1699363.0,5368.0,7749280755.0,0.00022622009131220334
813,2022-03-24,7299.059999999996,1648499.0,8869.0,7749930097.0,0.00022415544117907157
814,2022-03-25,7296.28,1429291.0,4133.0,7749280755.0,0.00018977516062392295
815,2022-03-26,7281.469999999998,1064537.0,3746.0,7749280755.0,0.0001422063588661397
816,2022-03-27,7271.279999999997,1451075.0,2989.0,7749280755.0,0.00019110999418164713
817,2022-03-28,7257.399999999999,1447917.0,4401.0,7749930097.0,0.00019250844605392316
818,2022-03-29,7186.099999999997,1585508.0,4213.0,7749280755.0,0.00021003729913254382
819,2022-03-30,7170.359999999998,1454456.0,4700.0,7756777743.0,0.00019356697455395945
820,2022-03-31,7115.729999999997,1316328.0,4103.0,7749280755.0,0.00017515922353493308
821,2022-04-01,6966.190000000002,1094494.0,4010.0,7749930097.0,0.00014640054630159848
822,2022-04-02,6928.229999999998,873842.0,2982.0,7749280755.0,0.0001166123706922011
823,2022-04-03,6918.959999999994,998517.0,2795.0,7749280755.0,0.0001324596478631519
824,2022-04-04,6875.429999999997,1035373.0,3208.0,7749280755.0,0.00013774865484274224
825,2022-04-05,6839.799999999994,1366963.0,3734.0,7749280755.0,0.00018121720510563694
826,2022-04-06,6787.019999999998,1172569.0,3867.0,7749280755.0,0.00015630340908973816
827,2022-04-07,6775.909999999999,1069268.0,3595.0,7749280755.0,0.00014262201034423615
828,2022-04-08,6775.919999999997,905974.0,3435.0,7749280755.0,0.00012134339040346203
829,2022-04-09,6770.360000000002,712041.0,3047.0,7749280755.0,9.581676331973341e-05
830,2022-04-10,6764.810000000001,849734.0,2181.0,7749280755.0,0.00011246772798077568
831,2022-04-11,6731.930000000002,806164.0,2731.0,7749280755.0,0.00010755501398787558
832,2022-04-12,6701.829999999998,994561.0,3051.0,7749280755.0,0.00013227950211232216
833,2022-04-13,6631.449999999996,913474.0,3243.0,7749280755.0,0.00012206345722984455
834,2022-04-14,6625.890000000001,862657.0,2857.0,7749280755.0,0.00011500770564093467
835,2022-04-15,6593.480000000001,661681.0,2659.0,7749280755.0,8.881740406113342e-05
836,2022-04-16,6576.790000000001,522144.0,2495.0,7749280755.0,7.059932622095327e-05
837,2022-04-17,6568.460000000001,563952.0,1784.0,7749280755.0,7.5076903056405e-05
838,2022-04-18,6492.540000000004,588424.0,2293.0,7749280755.0,7.889170870542295e-05
839,2022-04-19,6418.009999999999,724685.0,2998.0,7749878085.0,9.73776608771001e-05
840,2022-04-20,6396.720000000002,943678.0,3057.0,7749280755.0,0.00012572108700170589
841,2022-04-21,6381.9,789903.0,2509.0,7749280755.0,0.0001051701474971273
842,2022-04-22,6393.47,627747.0,2334.0,7749280755.0,8.40190232596625e-05
843,2022-04-23,6390.700000000003,487955.0,2309.0,7749280755.0,6.594741062520712e-05
844,2022-04-24,6390.700000000001,545159.0,3026.0,7749280755.0,7.425450415236634e-05
845,2022-04-25,6378.67,574460.0,2057.0,7749280755.0,7.678519062766878e-05
846,2022-04-26,6276.350000000001,672231.0,2290.0,7749280755.0,8.970264750718791e-05
847,2022-04-27,6268.479999999997,691736.0,2861.0,7749280755.0,9.295649787049172e-05
848,2022-04-28,6262.920000000001,627752.0,2023.0,7749280755.0,8.361834091272384e-05
849,2022-04-29,6260.150000000004,632164.0,2624.0,7756777743.0,8.48811222668031e-05
850,2022-04-30,6260.150000000002,400551.0,2225.0,7749280755.0,5.4560031229633774e-05
851,2022-05-01,6101.360000000002,443873.0,1443.0,7749280755.0,5.9141359629316976e-05
852,2022-05-02,6062.460000000004,458044.0,1683.0,7749280755.0,6.127975163289848e-05
853,2022-05-03,5993.01,640418.0,2248.0,7749280755.0,8.554316470883884e-05
854,2022-05-04,5983.77,603093.0,2299.0,7749280755.0,8.079240122975775e-05
855,2022-05-05,5980.060000000001,639925.0,1896.0,7749280755.0,8.502531019732037e-05
856,2022-05-06,5985.609999999999,564805.0,1845.0,7749280755.0,7.52656947709207e-05
857,2022-05-07,5948.109999999999,465579.0,1718.0,7749280755.0,6.229726541892468e-05
858,2022-05-08,5948.1100000000015,488065.0,1064.0,7749280755.0,6.435500477618196e-05
859,2022-05-09,5912.930000000002,753317.0,1623.0,7749280755.0,9.930560323336743e-05
860,2022-05-10,5835.1500000000015,738050.0,2062.0,7749280755.0,9.790198909885799e-05
861,2022-05-11,5839.32,675423.0,1903.0,7749280755.0,8.961515551645541e-05
862,2022-05-12,5839.320000000004,747233.0,1702.0,7749280755.0,9.862244305794286e-05
863,2022-05-13,5833.760000000001,633097.0,1659.0,7749280755.0,8.383836133189628e-05
864,2022-05-14,5818.949999999999,500018.0,1689.0,7749280755.0,6.670399696984524e-05
865,2022-05-15,5808.780000000001,490779.0,961.0,7749280755.0,6.45723152664379e-05
866,2022-05-16,5789.3499999999985,588039.0,1508.0,7749280755.0,7.782902943745519e-05
867,2022-05-17,5749.539999999999,752994.0,1862.0,7749280755.0,9.957233766529084e-05
868,2022-05-18,5722.210000000001,732985.0,1836.0,7749280755.0,9.695674008393828e-05
869,2022-05-19,5711.0999999999985,1022060.0,1880.0,7749280755.0,0.0001343169815248228
870,2022-05-20,5696.29,564186.0,1556.0,7749280755.0,7.481287855339808e-05
871,2022-05-21,5664.340000000002,563229.0,1581.0,7749280755.0,7.472164427987615e-05
872,2022-05-22,5660.630000000001,453695.0,968.0,7749280755.0,5.979587198476719e-05
873,2022-05-23,5601.37,541258.0,1293.0,7756777743.0,7.144564642194622e-05
874,2022-05-24,5592.119999999999,691538.0,1800.0,7749280755.0,9.156178778813647e-05
875,2022-05-25,5574.530000000001,616096.0,1889.0,7749280755.0,8.19412820461168e-05
876,2022-05-26,5571.759999999996,650202.0,1539.0,7749280755.0,8.58908098755547e-05
877,2022-05-27,5568.0599999999995,601496.0,1509.0,7749280755.0,7.956686813833215e-05
878,2022-05-28,5564.360000000001,707590.0,2159.0,7749930097.0,9.408859059029006e-05
879,2022-05-29,5527.789999999999,320296.0,590.0,7749280755.0,4.209371299259372e-05
880,2022-05-30,5518.530000000001,546437.0,1457.0,7749280755.0,7.239471865024718e-05
881,2022-05-31,5450.9400000000005,695495.0,1603.0,7749280755.0,9.181819868133039e-05
882,2022-06-01,5351.850000000005,639791.0,1668.0,7749280755.0,8.471379741615775e-05
883,2022-06-02,5382.410000000003,609472.0,1562.0,7749280755.0,8.066451839374607e-05
884,2022-06-03,5387.970000000001,570709.0,1453.0,7749280755.0,7.552171853141228e-05
885,2022-06-04,5392.130000000001,409203.0,1050.0,7749280755.0,5.416025219233395e-05
886,2022-06-05,5386.570000000002,334425.0,1243.0,7749280755.0,4.47596378252526e-05
887,2022-06-06,5384.73,542386.0,1364.0,7749280755.0,7.175194932010177e-05
888,2022-06-07,5353.690000000004,703777.0,1728.0,7749280755.0,9.304824832095014e-05
889,2022-06-08,5354.610000000001,716757.0,2047.0,7749280755.0,9.513489358665003e-05
890,2022-06-09,5361.099999999998,648270.0,1549.0,7749280755.0,8.565440083864918e-05
891,2022-06-10,5347.199999999998,597134.0,1617.0,7749930097.0,7.913671379273603e-05
892,2022-06-11,5317.570000000001,446694.0,1518.0,7749280755.0,5.960217658935497e-05
893,2022-06-12,5309.2300000000005,470559.0,988.0,7749280755.0,6.199788279576922e-05
894,2022-06-13,5227.75,552936.0,1294.0,7749280755.0,7.302303502617128e-05
895,2022-06-14,5192.529999999997,704669.0,1467.0,7749280755.0,9.282655032673416e-05
896,2022-06-15,5173.100000000001,679221.0,1768.0,7749280755.0,8.993105580157807e-05
897,2022-06-16,5167.539999999996,657189.0,1881.0,7749280755.0,8.723377322002834e-05
898,2022-06-17,5131.429999999999,615801.0,1647.0,7749280755.0,8.159092695048445e-05
899,2022-06-18,5098.099999999999,459784.0,1363.0,7749280755.0,6.109134705108512e-05
900,2022-06-19,5126.790000000001,469680.0,1106.0,7749280755.0,6.203672511023896e-05
901,2022-06-20,5144.379999999999,563984.0,1241.0,7749930097.0,7.437409018993891e-05
902,2022-06-21,5052.720000000001,941047.0,1833.0,7749930097.0,0.00012379169721432392
903,2022-06-22,4999.939999999998,803658.0,1809.0,7749930097.0,0.0001060329563899033
904,2022-06-23,4995.769999999999,787248.0,2168.0,7749930097.0,0.0001043787479209827
905,2022-06-24,4975.41,810204.0,1969.0,7749930097.0,0.00010708406264480401
906,2022-06-25,4968.940000000002,559449.0,1354.0,7749930097.0,7.393473138832622e-05
907,2022-06-26,4964.78,587092.0,1043.0,7749930097.0,7.710030832811008e-05
908,2022-06-27,4965.249999999997,676158.0,1432.0,7749930097.0,8.909473909542542e-05
909,2022-06-28,4884.23,1024059.0,1988.0,7749930097.0,0.0001347030214381042
910,2022-06-29,4883.300000000003,955467.0,1812.0,7749930097.0,0.00012562526213970315
911,2022-06-30,4892.560000000001,947415.0,2143.0,7749930097.0,0.0001250133856529932
912,2022-07-01,4745.790000000003,953956.0,2050.0,7749280755.0,0.00012574792820240258
913,2022-07-02,4681.900000000001,688611.0,1432.0,7749930097.0,9.070159229850405e-05
914,2022-07-03,4681.9,656636.0,1105.0,7749930097.0,8.615380934319155e-05
915,2022-07-04,4664.3099999999995,727788.0,1424.0,7749930097.0,9.574641199502421e-05
916,2022-07-05,4441.149999999998,1223363.0,2102.0,7749930097.0,0.00016056699665997
917,2022-07-06,4289.779999999999,1052335.0,2082.0,7749930097.0,0.00013847286189270515
918,2022-07-07,4239.790000000001,1073761.0,2297.0,7749930097.0,0.00014151495384771856
919,2022-07-08,4159.24,1059126.0,2474.0,7749930097.0,0.0001398549388748119
920,2022-07-09,4058.3199999999997,826382.0,1779.0,7749930097.0,0.00010892640184287329
921,2022-07-10,4029.619999999999,734698.0,1163.0,7749930097.0,9.630125570924875e-05
922,2022-07-11,3971.2799999999997,803364.0,1669.0,7749930097.0,0.00010581437377318321
923,2022-07-12,3584.7100000000023,1293286.0,2688.0,7749930097.0,0.00017034553647277885
924,2022-07-13,3454.62,1083567.0,2213.0,7749930097.0,0.00014267186750858767
925,2022-07-14,3412.0200000000023,1138742.0,2521.0,7749930097.0,0.000150188709502111
926,2022-07-15,3307.39,985552.0,2273.0,7749930097.0,0.00013010207671296367
927,2022-07-16,3296.280000000002,1168078.0,2393.0,7749930097.0,0.00015380887118729325
928,2022-07-17,3142.579999999999,814931.0,1561.0,7749930097.0,0.00010716754726878152
929,2022-07-18,2765.2700000000004,839170.0,1845.0,7749930097.0,0.00011066164330075505
930,2022-07-19,2248.589999999999,1140362.0,2866.0,7749280755.0,0.00015085554865794767
931,2022-07-20,2030.0799999999997,1165687.0,2551.0,7749280755.0,0.00015371710454953054
932,2022-07-21,1942.120000000001,1213316.0,3099.0,7749930097.0,0.00016055706108648272
933,2022-07-22,1826.3799999999994,1070295.0,2594.0,7749930097.0,0.00014145095327044988
934,2022-07-23,1695.3600000000004,1259156.0,2336.0,7749930097.0,0.00016548742813776634
935,2022-07-24,1535.6299999999992,822238.0,1640.0,7749930097.0,0.00010821233088600851
936,2022-07-25,1236.1,844144.0,2186.0,7749930097.0,0.00011174345951007099
937,2022-07-26,87.95,1196035.0,2825.0,7749930097.0,0.0001579736829463689
