Country,2020-02,2020-03,2020-04,2020-05,2020-06,2020-07,2020-08,2020-09,2020-10,2020-11,2020-12,2021-01,2021-02,2021-03,2021-04,2021-05,2021-06,2021-07,2021-08,2021-09,2021-10,2021-11,2021-12,2022-01,2022-02,2022-03,2022-04,2022-05,2022-06,2022-07,2022-08,2022-09
United Arab Emirates,1.1514098081799278,1.1098555228494111,1.0284450701591392,1.061227957203877,1.0804013210842875,1.0817992522126678,1.0748915334300502,1.0734969369262837,1.0821072601438535,1.0877356921261234,1.1015718420282152,1.0807582615986215,1.0824016597582575,1.1090457872968422,1.136773658340967,1.1491265229151555,1.1306179369271974,1.122027806423332,1.11511076377846,1.1381609367680672,1.1836374216369092,1.2265863600565212,1.2528418647843607,1.2711921210078811,1.3094151499255364,1.335190291933805,1.3401619542788898,1.3157629015447783,1.323373478542841,1.3001036570850542,1.3234925672084432,1.3391094660255805
Afghanistan,1.1616130516555898,1.1324053410200872,1.0421929188378973,1.0709814172516403,,1.1452587299871018,1.121172199088586,1.2079224491846352,1.2226524208113727,1.2177714577709202,1.2655312937990424,1.2315988638821234,1.1830170541335008,1.2155879925794582,1.2424607216858048,1.2766833833207827,1.2434315849694568,1.229641387625042,1.2252591070693561,1.1893262884196991,1.1983818119385599,1.2250554442333574,1.2335415526271067,1.2814177187176872,1.3320064325345073,1.5752726403913737,1.6026596049482726,1.5539515179462926,1.6099779483181058,1.601003570532984,1.6616515321932726,1.6687275764099319
Antigua and Barbuda,1.1477334668160089,1.118759083939215,0.8103018033057438,1.036548326414691,1.0638721403755362,1.0652123886589402,1.0894698192751398,1.1047163694598578,1.1026540250028136,1.1028157188085321,1.1264471283030282,1.0750832746078836,1.018516998812809,1.0201336499226061,1.0306847967839567,1.0476178255850168,1.065869906065041,1.0788057270850047,1.0769879978308112,1.0860720983435086,1.099560342745438,1.1246470415951104,1.174038073368104,1.1900044303152935,1.216809485122166,1.3083373878522957,1.310128827239094,1.308119995826615,1.3119193901581263,1.3184556942686145,1.3336948863589817,1.316188921033247
Angola,1.129123678769014,1.1328464023656477,1.0762724285979508,1.1245869282257683,1.1528443015394592,1.147883032979402,1.169962661362558,1.1702468965826407,1.149193029190457,1.141802353456158,1.1827397615690254,1.1236683044456852,1.078365575066107,1.099853669867779,1.128465340696375,1.1816466851180651,1.208119163641141,1.227031720807438,1.2487767292365197,1.27519778991063,1.2917206927051046,1.3102867897711994,1.3357036746672226,1.3394290152316162,1.421159741717362,1.5791431322310419,1.6729594789569004,1.7110788643284116,1.761632674635556,1.77805380735498,1.8141168322185284,1.807839514076148
Argentina,1.1377553674937881,1.0664418487367224,0.974689480457527,0.9961553631642875,1.0183785870100452,1.0210007559118615,1.0325239939464694,1.0294083624377397,1.0429225895739824,1.047553310664497,1.0576978504730967,1.0183988256270584,1.0363321392674811,1.0666172617586738,1.0727391353301958,1.0747781821456608,1.1002863856071627,1.1306120998117537,1.151973119801369,1.1663685873547602,1.1829033967874734,1.1947964286248018,1.1948606336611995,1.1585913325973565,1.202565274994742,1.2084524166271933,1.2330335135046078,1.2348319422660015,1.2476804506740033,1.2529382017768518,1.2909715855242723,1.286062042801015
Austria,1.1686668639765245,1.055642744600643,1.0066978584193205,1.0584083221816754,1.0952942470353904,1.139283996635059,1.1396309282170398,1.1146141606508846,1.0743362477416156,1.0303454095746123,1.0269974579266963,0.9995412903821247,1.0447407645732762,1.0690683249861073,1.0669477619779326,1.1013328658522163,1.1541741097500955,1.1681854452658416,1.187144200487908,1.1738265015418885,1.125613998898966,1.0926845969929626,1.0838595675877458,1.0932849156957607,1.1214361662092687,1.128964456144566,1.1168015323267464,1.1455394728227102,1.1722996017165677,1.193347067518583,1.2162777670052545,1.190578836445351
Australia,1.1594085943224834,1.1353383862628792,1.055274584665299,1.087503594395274,1.1048080975832342,1.1026522469014965,1.090587829840278,1.0929309365864184,1.0980530400647965,1.1006356239239303,1.0948149494389645,1.0837006538588858,1.091357790201555,1.0986079920635976,1.0984857887024262,1.1131174132719897,1.1054608616011188,1.096047798019201,1.093223637658399,1.1024011964465297,1.1036724049870505,1.1048107664381432,1.1039369130822363,1.096748626445433,1.1012143797122527,1.0923827936068042,1.0941918388924712,1.108718458489266,1.1103829426827343,1.1094235478759302,1.1298564363923602,1.1222909761327409
Aruba,1.1448699706817538,1.0893291965620366,0.94895707031328,1.0401413594062268,1.0818090772245916,1.09356315861322,1.141047070443759,1.1151331124872137,1.0940205944349932,1.0956692002779511,1.115426318717291,1.069225370685824,1.027048829713326,1.026990812974442,1.0386103724352187,1.0685589786303042,1.0903804034901927,1.1010512342285763,1.1080340918211329,1.0893074247802188,1.1038645471910742,1.1239893112115367,1.145883662321489,1.1291911201930604,1.1481718997265493,1.1922368887579615,1.1858534501130111,1.2029851181344229,1.20693124348807,1.2062553244311256,1.2212038903279603,1.2085480107708584
Bosnia and Herzegovina,1.161706972546795,1.0753255280644727,1.0077826529471288,1.0814166773537706,1.1356102366705334,1.1333628752273948,1.1279407247717506,1.0969150977493574,1.0809631032923634,1.0512600889434647,1.082719502974954,1.0246453228622092,1.0286058782168335,1.0171647868445635,1.0302345275030675,1.0707742302331438,1.077246173575375,1.1199762926908294,1.1609548833823595,1.1184454286504564,1.1253301291317104,1.1130640343244984,1.1625868243559125,1.097140233291793,1.1289949269109865,1.184950938516198,1.2257858537833344,1.2218908716939372,1.2181375097666278,1.255312361657397,1.3150208133272945,1.2449237900673407
Barbados,1.1505802794842985,1.1123418567322245,0.9282841465239271,1.0192927900895565,1.0702962315302549,1.0833497885432932,1.1038344536209506,1.1045978358096415,1.0875584364149666,1.0882926526968364,1.1092004649956444,1.0325945337484577,0.9322539474248817,0.9650803176841424,0.9820269644585138,1.0162966033848089,1.0365646219205693,1.0334998132226882,1.0644317665761118,1.0711108245287062,1.081584299746104,1.1171956084739885,1.1647615284010377,1.1515133711058312,1.1763357371337164,1.247237463533783,1.2269138385092668,1.2352850211626816,1.2418497822690209,1.2593569379411054,1.259215473289294,1.2528886064293934
Bangladesh,1.1719957881634597,1.1256754424592041,0.992600291965197,1.0248798195097666,1.0699008655917503,1.1133551674697857,1.1190220171449763,1.1680601744470527,1.1919773123615787,1.2244261112378079,1.2555260458677366,1.2427424739917636,1.2630466866833125,1.2930725700635792,1.223531458760016,1.2960614457592068,1.3357494029510557,1.2445288168543966,1.3349343883289366,1.401271683361846,1.4306488742911165,1.4687286031418874,1.4985918384915922,1.5146988338637746,1.5409437968852413,1.6008903991433672,1.5885445636714555,1.5650797013455322,1.5921070346139505,1.5904742146165047,1.617455142072843,1.613017977066175
Belgium,1.136160691689391,1.0791378978139046,1.0251869854434728,1.0852239750870114,1.1390417521438434,1.1549882674982845,1.1457023499274326,1.1423498477647969,1.1156969808768675,1.083810625564005,1.097133430134069,1.0760431286135137,1.114640415416109,1.1328920566642462,1.146612320923257,1.1854827781692618,1.2225235556764036,1.186201997703592,1.2045343620735431,1.2092430920611532,1.1756626453329255,1.1552220159522089,1.1586084186477006,1.140039085436113,1.15164872236809,1.1695554886988064,1.1712628587825098,1.2034912641094608,1.2056860471377921,1.1893255539455587,1.2199008363904678,1.199693167033555
Burkina Faso,1.134295671494841,1.1413530620751515,1.137301922469905,1.1445523146580596,1.144985793501916,1.1637867959019454,1.1622774945167127,1.225216589234235,1.1821118716671355,1.2092793967286501,1.303669752233314,1.2993754114801415,1.247788366922674,1.2680688004843672,1.2958001308945153,1.3347597023029663,1.3753695090748366,1.407489165125866,1.4319529392713781,1.444567786942463,1.4343781702323122,1.3106140431268452,1.5648921048303677,1.5782562244574774,1.7046433032307242,2.0611837345240422,2.08668419186468,2.0955136262941676,2.0741623405335647,2.084199651300758,2.113724522159815,2.1050417018455616
Bulgaria,1.1572702550435359,1.071820248436625,1.0170001300748048,1.0791638200888065,1.1209988367068653,1.1384374908146007,1.1507052321026254,1.1341989605420741,1.1167328505181544,1.0792045489974291,1.060746837961736,1.0392028725249687,1.0646105605029257,1.0721535227431203,1.0980527222836112,1.126498917213367,1.1590454336499725,1.1804196181498132,1.2074816144561098,1.1717734042247945,1.1177801964630292,1.1059375426860412,1.1061205785370967,1.0977609000612454,1.123170403330054,1.1427860535575167,1.1570155293394884,1.188165903662869,1.2000326029203323,1.2181776267826563,1.251185251599724,1.2176060990739699
Bahrain,1.1342288187289353,1.105733460147704,1.0904238982983376,1.1143886730738854,1.1235198933334936,1.118007164184834,1.1023899817536562,1.1032255108645335,1.110486708851928,1.1065217840890291,1.1078572832337534,1.07985260185579,1.0711096952121906,1.0893394376821612,1.115360125687922,1.1336549677046626,1.127853220559077,1.1515407706463985,1.142014413663854,1.1473330337139052,1.158775474667842,1.17155518796712,1.1779286111401335,1.177208135983798,1.1891696830229013,1.2063078823842104,1.2147071866813828,1.2059493320856747,1.2046194807856048,1.1968211337433656,1.2077264578135736,1.2108543992501821
Benin,1.1395502473349113,1.1461349813286672,1.1370531042799321,1.1417451747827627,1.1372976865204163,1.148451991083531,1.1620122966220168,1.2117779656981995,1.1542141703927133,1.1607003348706508,1.2056151980827332,1.1758763916105668,1.133898508453942,1.1520137584466552,1.1803623141492248,1.2105367501800022,1.2329982654129414,1.2589726241370633,1.2728180330204126,1.2844324476896292,1.288376080122915,1.3130423850326802,1.3672290364168942,1.4048893648771916,1.484104071293487,1.7922518436237938,1.8561442379431923,1.8403990650740942,1.846775275212015,1.8761404784051146,1.9369305974496014,1.9282485842100836
Bolivia,1.1326614102258583,1.0798847133006373,0.9799389466507993,0.9989972530332029,1.0357035378612889,1.043343349614785,1.0470559217144848,1.0779359725574083,1.0881356651979661,1.0890071116573048,1.1272157287638285,1.0726609836966556,1.068620447549168,1.0956274175039364,1.1119875108210715,1.133370631094934,1.1285976214182625,1.1685234606185586,1.181149263030262,1.189108769550326,1.2030468725538397,1.1980745225308467,1.2503817977156368,1.228908708458172,1.2627203457027816,1.278838888528218,1.3088012167584073,1.3309305769584494,1.3444749031498384,1.348349775297782,1.38424691623166,1.3854607611151335
Brazil,1.1439763041473192,1.09484813243966,1.0267602864046972,1.0529994387946795,1.0810175738948151,1.1016720201691068,1.1170341806288382,1.1260000001154298,1.1446543509526532,1.1518350229505434,1.1539341493285347,1.1079303339458184,1.1089671478971384,1.0945886560562843,1.1140128795363438,1.1598279228462787,1.176329940161691,1.2021517989909982,1.2125617287759705,1.2130805360266814,1.21759268150747,1.226827791510965,1.2416326964441209,1.2077031773155085,1.2366508165708567,1.2392100455218416,1.2460505926234127,1.2632338469964566,1.2641916486230862,1.2759796801640764,1.2993633592717617,1.2861767085634161
Bahamas,1.1561823207503545,1.1074448902385077,1.0066951130372752,1.0254077007308455,1.0727772126011923,1.0804074036812967,1.0394220911288508,1.0493839526330264,1.0103655668855862,1.010830363356987,1.0349811214513704,0.9893192371493184,0.9459319978123668,0.9476054830899111,0.9612321571164125,0.9813778569493019,0.9889546033724055,1.0011932687203382,1.000747780345422,0.9950427250298728,1.0053892313668835,1.0260595660025362,1.0497344129815018,1.0620457593923909,1.0993300504154653,1.1805001383162632,1.1980984327964646,1.195246329635258,1.1943395392215355,1.1911365782095211,1.19530695905093,1.1662437245643782
Botswana,1.1413502941730378,1.1511340318803123,1.0935036258977169,1.1548168843767708,1.216952864968895,1.2367407700731,1.2059508922537068,1.2507307135054038,1.2549673027023989,1.2631904311236692,1.269143551597146,1.2008465778205408,1.1841322217800265,1.2241563344341377,1.256142933779089,1.3360651969582442,1.329033471081252,1.341272552645814,1.286026006457448,1.2825231668455581,1.3071250617981989,1.3417826773409471,1.3337161120695584,1.333890980661621,1.4234839489197821,1.6204302144894511,1.6334885606263747,1.6593889041460936,1.6885054149542151,1.7179122559188282,1.8027732081487169,1.8125066123531808
Belarus,1.1644029058437497,1.1546699000351075,1.0987196577365679,1.1101343778518964,1.1301131262590887,1.123080648133079,1.062505276793939,1.0925956158199743,1.0838455181276032,1.0621513744455797,1.0755514150728862,1.0298410168183325,1.0326256788691235,1.049430686871987,1.059830694106272,1.0758402607338016,1.0771475203961103,1.0639897789186246,1.0735938708338904,1.0743953916681785,1.090955213893205,1.083043754468885,1.0939094190632477,1.0689179527592567,1.0822124905776591,1.107376536032006,1.0983726512379268,1.1126976430713713,1.1129574093958143,1.1000020184376933,1.1300031433405298,1.0963583965772645
Belize,1.1607382003973505,1.1115399880990242,0.9227671082627749,1.0383792439504822,1.0822710952701675,1.0867612794662442,1.1238213581711922,1.1122996538629428,1.0893677494992493,1.0877065894470619,1.1157887229635797,1.0595743271749487,1.0546979957204756,1.074889928688137,1.0875322099823825,1.1224641489037805,1.137045227445657,1.151583615178435,1.1442764178709888,1.1235606768056094,1.1333524730987679,1.1824260571023204,1.2415894468290807,1.2046840432141463,1.2511937731939675,1.3259360730635341,1.3336805721963931,1.3310975881513802,1.3356433060701947,1.3402923283281416,1.3530942661214962,1.339658985186292
Canada,1.155536332711603,1.1113131464288326,1.0417400321659258,1.104568363079318,1.170160234827015,1.1960937493815735,1.189232796934786,1.152454400701198,1.1184415837141868,1.0985811748735834,1.0850129061023892,1.0581734331764867,1.069025162500041,1.1026189500382424,1.1161380180201657,1.1560380168164424,1.181601257676212,1.2016488629835715,1.2030416538136912,1.1774454281788107,1.1546862350407985,1.1292985919469545,1.1178973608970308,1.0847141493968726,1.1016407557316328,1.102349419772179,1.1233676475571097,1.1751936568051244,1.2024737879407472,1.2322514916102834,1.2365953036041584,1.2112299220549028
Ivory Coast,1.1472932749180738,1.1478854207669509,1.1258977964471444,1.1460599089507923,1.1620218857745597,1.1852223376992177,1.1856951537641522,1.2211722255835753,1.1928519381866074,1.1956579015970379,1.2391148582264333,1.1873616912603497,1.171892417877906,1.2084677769867933,1.2286448485776549,1.261006412830245,1.2972757866877238,1.3342510100217069,1.361179427641148,1.3800086185983729,1.3931595855395547,1.4252063264031452,1.4544162976540334,1.4580851254930873,1.5209750419040253,1.6419564077251696,1.6511900189984154,1.6660230500845288,1.6891062674995323,1.69682584454758,1.759290774219778,1.788908654094504
Chile,1.1473229290531066,1.1062085356983504,1.01463129042579,1.0284601770970991,1.033638519154038,1.037329374395498,1.0486200713569802,1.0589645911150147,1.0822725436938194,1.0877654820362213,1.1012050787096277,1.0641585028117166,1.0827019530661406,1.0884713049853307,1.0790899026680678,1.1233780259880077,1.1400303575490764,1.1751680514693492,1.200115225008763,1.192630802068239,1.2234023864645416,1.2297696138130825,1.2459905172610317,1.205950572647638,1.22182764864554,1.2466359338845336,1.2627557707763761,1.277824127480163,1.2707284073071947,1.2654846161820865,1.3126168677412633,1.3022323983890873
Cameroon,1.1393692254650774,1.129615815411816,1.1089643917399745,1.1318082946839185,1.142763571208244,1.151173607070383,1.1550392035193435,1.179374434525303,1.1353593557836104,1.1407816484072895,1.1892768721265239,1.1469707059319245,1.0909967546323218,1.1122928466987794,1.1513796217929695,1.1887854568328418,1.2004178844998326,1.2180034617661668,1.2341125275492684,1.2396287605705365,1.239743115841121,1.2582917933105902,1.2903949715975656,1.3357621541269458,1.3725071236424518,1.5569074176768027,1.5952774255887328,1.5902888398385358,1.6021387539203253,1.6081856384456614,1.6596952031866268,1.671527553700045
Colombia,1.1500549977516212,1.084133658824302,0.9850050879297233,1.023169685953273,1.0571521478506989,1.055562132270065,1.0487271165918925,1.0775949796001114,1.0952186331811709,1.1091256826098383,1.129711786527295,1.0581016323079067,1.1000070951727936,1.123907587807708,1.1064923344099926,1.1475594944210232,1.177818808532462,1.2058806898701897,1.221653270469781,1.2371934155394047,1.251846020210054,1.268280560663405,1.297320885301975,1.2539391971403715,1.3052314629360033,1.311469996374469,1.2985384328225438,1.3214391846300975,1.3152252336977348,1.3419228572042232,1.3756339645226279,1.3768237952282452
Costa Rica,1.154357800575171,1.0981776204019815,1.0155577027337577,1.050382926001112,1.0559395883187803,1.0284439205586156,1.0405803366717803,1.0347590708377525,1.0434380875370537,1.050021900612483,1.0758706031282381,1.0370147334122646,1.029315499023794,1.0364030264562072,1.035686033454669,1.0508615615873615,1.0575353260864282,1.070903266644782,1.0832608802549044,1.0867767064812022,1.1031049195706213,1.1241576270719675,1.1556568808550778,1.1458606576222083,1.1673683348361605,1.1915712861487189,1.1849312234921967,1.2041470183647869,1.2116227124176666,1.211342411036171,1.2364812723602725,1.2287455523432766
Cape Verde,1.1194392329976723,1.072071707636114,0.9453430737758588,0.986261724249249,1.0043977949423355,1.0013564846426344,1.0636795731314688,1.0579172504474408,1.0068744540870258,1.0174686679685196,1.0506852768479313,1.0106261824205494,0.9453817414165616,0.9710043062042832,1.0032381369828116,1.0235962920456005,1.0296324314087837,1.038773791258749,1.0631500376223413,1.0610569106727668,1.0634717164642258,1.098561444512112,1.1491038075665612,1.1863000393285121,1.2223487496711378,1.3202213549200366,1.3382040244635316,1.3364045567253415,1.3451214532014406,1.3655091694678911,1.4037676570562183,1.3783566109060734
Czech Republic,1.1565618586765924,1.0869232663107056,1.0583899633323002,1.0948741670608109,1.1475166942283006,1.1796330830740602,1.179853768477849,1.1631196158634443,1.1081088998920683,1.0704543488220728,1.107638578878952,1.052932446003005,1.0726089888440644,1.0831389907151316,1.1088161763940456,1.1542820201195587,1.2014796847713651,1.196676797674321,1.212791955295598,1.2054259950050785,1.1738873398773677,1.157131256402804,1.1398481410028731,1.1170180001839405,1.1410873612849544,1.1652591975437645,1.1803452221824209,1.2174212346468198,1.2257039191350247,1.2123610964295513,1.2383460533337944,1.2165389906806976
Germany,1.1499297749119037,1.1036409236468077,1.078395302303274,1.122011215188614,1.1632711949447123,1.1902534768288109,1.1848201324974055,1.1834200626734144,1.1415009503601345,1.1085860320547771,1.0635426341717487,1.0345215597004886,1.0804089756579507,1.1157311753339572,1.1218294965414115,1.1561307267707088,1.217429409508177,1.2278058026164704,1.2249865857391202,1.2308792957691357,1.1943820320861342,1.1589330268967795,1.1411751210256706,1.1275220201210627,1.1559344392943494,1.180188005767272,1.1806276559730768,1.2283354880277235,1.2406292178443044,1.2540157944292385,1.2564063624734463,1.2243516446682796
Denmark,1.139952226525228,1.12247227106437,1.143679745252751,1.1783539577214077,1.2370164038157803,1.288081124605685,1.2662911075547048,1.1853822488481702,1.1573038716412862,1.122011164677621,1.0794649781003727,1.0560348181536783,1.0965561911011785,1.1384544250044812,1.1677522543635053,1.2096098599010288,1.2731602369859814,1.3176637791674435,1.2951505955509055,1.24156411972357,1.1882637634338435,1.1618235955482425,1.1308715071648576,1.117359441610218,1.1332294096600066,1.1520926843038577,1.1864375133055751,1.2206273565684156,1.267247377460843,1.303398167644262,1.3313160417796908,1.2412200400401359
Dominican Republic,1.138272638144389,1.067117845076557,0.9803903623431284,1.0126017777976108,1.0505324248659738,1.0624835545164575,1.049814402266444,1.05656128995214,1.0620931724030833,1.0662972736984426,1.102268248882279,1.0279585769750554,1.024764470381518,1.0463712776306406,1.054523949873198,1.0959505970369146,1.0977505818504745,1.1172536261304176,1.1204962389294844,1.1231031683889015,1.1296818086908924,1.1453761743838629,1.1779292001707986,1.1675915989636199,1.1978877020203818,1.2271280173682684,1.2166533890074023,1.2230301830866264,1.2265871229391625,1.2336867642175304,1.2510974683621503,1.2361689048372022
Ecuador,1.1189804475426874,1.0594940597443154,0.9804257934288862,1.0193714302874943,1.0812746840571308,1.095520283488447,1.0986215302288866,1.1151092094558395,1.1286339179169278,1.1308844863908267,1.1575427037319248,1.1058178037740036,1.1062994057677062,1.127625151585282,1.1330828641964128,1.144739943451399,1.201069830866569,1.2258377245461924,1.240602144850448,1.2489741671375627,1.2623947923813483,1.2713788737211509,1.3117037090939079,1.2628483527794507,1.3005063768518461,1.3162963282193805,1.3400170328297178,1.3575551056522583,1.3340040331458354,1.380257812835279,1.4003436052771925,1.411137697672329
Estonia,1.146270931051188,1.116065619805352,1.072344053468617,1.1282688284900437,1.1978797840045077,1.2162959341199684,1.170813325476438,1.1398200204724762,1.1313784964484443,1.1179234478680442,1.120165098452618,1.084556288788427,1.0950425710852458,1.0790355854856257,1.1033637874771032,1.1586316182720027,1.2344065266929125,1.2637413983693957,1.2213689723847139,1.1804591791699204,1.134868009000499,1.1233459944529094,1.138140208814753,1.1097192020606892,1.1198652223699224,1.1290879016188904,1.14388413710752,1.168874969236443,1.215244016717515,1.2422049632022487,1.2636540879567983,1.2020005690151916
Egypt,1.1630800681081577,1.0867684346095021,1.020916910924789,1.0433800755707532,1.0710982213220164,1.1164641621446774,1.1259632207461796,1.139334833222547,1.153286148968191,1.1494043696076506,1.170741043465125,1.1182077406011666,1.092361777294867,1.140006664657578,1.166449229917304,1.1794571746866485,1.22028873815366,1.2385863120863152,1.2637042003345513,1.27317665292978,1.2992914659087538,1.3158302852227821,1.3287449297595593,1.3132777235117157,1.356376132068174,1.4257337751463892,1.4296989696831137,1.4031871339008968,1.4189186477594486,1.4259847388523592,1.4907408877731796,1.4931284345357518
Spain,1.1518251308485794,1.02649429265039,0.9407251767171699,1.0158727255536033,1.0785575285998048,1.0945255473451871,1.0923484747618903,1.0848822342193103,1.0861862878256063,1.078999000839814,1.0840032046893049,1.0478759388177408,1.0627751481870635,1.087064561255295,1.0913483975106937,1.1065222996695405,1.118482230195182,1.1271193486540625,1.142105790244902,1.1401511966888143,1.123864491396917,1.1154131471115931,1.1186921039121152,1.1060548482600754,1.1237517807937727,1.1056233621794918,1.1115816311993327,1.1262776987773986,1.130438464954417,1.1323831503589146,1.1483682436807123,1.1459951651603104
Finland,1.140883333866388,1.1093751789627846,1.0817744906808158,1.1193233422386424,1.200745702705693,1.2213553640872223,1.1860441962285093,1.156570712651978,1.131930722153238,1.1174266271559077,1.100200229157516,1.0822277707335906,1.0993630056538968,1.0984608755209013,1.1318343588247401,1.187544317746713,1.2716392543491672,1.3088355193812777,1.2303070494245487,1.1968630614390097,1.139698535054895,1.1273784461086367,1.1127286534484595,1.1000286411474263,1.1125147433707232,1.1307174542077332,1.1382091323879178,1.1723855131246783,1.2306781943890703,1.2542935156934187,1.2411586300639468,1.1838557790622544
Fiji,1.1568081455530292,1.147491073038517,1.0831059497878726,1.140982475723089,1.1500443171258803,1.1477180222500505,1.147302708256861,1.1708551932733406,1.1560720131859772,1.138436919852928,1.1518274072958063,1.1197230832583234,1.0851571696682718,1.1289903748534205,1.136097703921383,1.1442093373618247,1.1745840618809968,1.1864862965800105,1.1938377561204592,1.1975452557347805,1.2210568451210138,1.2223350144500682,1.214274183559363,1.2198956260053162,1.2849036866218098,1.3744166983277006,1.4080534501093578,1.4304884135476805,1.4485608479980818,1.4671905343058977,1.5061593062156082,1.4944090918327015
France,1.148717615792589,1.055284752657214,0.974910339382314,1.044739320653618,1.1240604451099576,1.192014330202304,1.206165380994284,1.1347238825072707,1.1060259537786097,1.0480109612995292,1.081789307400063,1.0503071230204977,1.072778639578935,1.0914073630738337,1.0892426596966502,1.1289154575994063,1.1827006342283493,1.2286408680266665,1.2553411068343332,1.1964293856249573,1.1605657912709548,1.1378265318189535,1.1509120437468214,1.1283816370407669,1.1462303405819072,1.1590387257638095,1.1821912512895574,1.2004915262124507,1.2175173123554122,1.2523359162402712,1.2705099670351536,1.2246710895934119
Gabon,1.1360647330883296,1.1158053888905153,1.101430960426938,1.1445847884261782,1.162129167729786,1.1737783317510837,1.1947540042051772,1.1947683941775868,1.1613688940530884,1.166488300560196,1.197472351757964,1.1298703932682415,1.0350004812866243,1.0486549025907412,1.0917489350388183,1.1274465176762236,1.1339307621117847,1.1521923662625526,1.1579825903523489,1.162813310415346,1.1529214457319958,1.1455609034597896,1.2032042253594788,1.253774255197057,1.3152698579250022,1.4440954513167055,1.4721884546660866,1.4777456606583275,1.493898028704347,1.507178785137008,1.5137062245357962,1.528312417693809
United Kingdom,1.133303910474184,1.0985116423274959,1.002970176464091,1.048473802078684,1.0790128837639936,1.111606895767658,1.1262380332946194,1.1149689383429342,1.0914706226171007,1.0631597497232215,1.068440157874482,1.019180423183186,1.0426068726969413,1.0713538084974947,1.1055587704845704,1.1195079754232393,1.1489043506110626,1.150112151692223,1.1586747442079,1.146402659415013,1.1214150095495103,1.1164507896307083,1.0978308819527232,1.0933689722948896,1.1028845567212846,1.1071194985010622,1.1151885979734335,1.125303883662865,1.1342208442646602,1.1440098112171897,1.1539714623276556,1.1251668456796113
Ghana,1.1343835672626095,1.136665822729981,1.0966607218339248,1.1452471411576204,1.1707714213210998,1.1777555665894668,1.179037417786887,1.2125155023164396,1.1826717805405633,1.2022114464541913,1.2445191895086418,1.2161351950900152,1.1913836035727439,1.2150338243860455,1.2403374001326197,1.2724268143160808,1.2944276061473998,1.3090227623384936,1.3221047452379113,1.3179299894643477,1.3208289841990335,1.3327360162706274,1.3537023686978948,1.3733932902415724,1.413387275486334,1.5386656660827502,1.5551069178130696,1.5403751822454672,1.551388572431515,1.563629080973091,1.6033913803943411,1.5907344604719942
Greece,1.1588728140790714,1.0705279475494467,1.0166964867783332,1.1237709408624597,1.1703554509782281,1.2222496979997797,1.259507018585414,1.1894113487947737,1.1525398404984262,1.0511829680329794,1.066421884105078,1.040660131888891,1.0405185715888559,1.0556542471617272,1.1154118486621125,1.1498465400171451,1.2160714232416798,1.3191830022787532,1.3671961251739033,1.3006193147968605,1.2112155327023069,1.1703909889416628,1.1745456027337153,1.1336579681732526,1.1592720216592858,1.1617956706637365,1.2122251164981253,1.2603414778804558,1.3225288030221274,1.3846352659764156,1.4363751621986471,1.3970347163763952
Guatemala,1.1386938719705677,1.0881876022913413,1.0339620201221125,1.0287187431235651,1.0465687451617907,1.043176171108758,1.0565192853993797,1.061509207574474,1.0698173316109978,1.0819883515871591,1.1166501302952894,1.0767785521370101,1.0626533780137641,1.0762625315716106,1.0789270415371524,1.1133241823793851,1.1139442956148402,1.1365799526767117,1.1419380691328895,1.1488275738129967,1.1677188433865675,1.1870779117873127,1.2307036683156152,1.2259174567657363,1.2534629839825837,1.2825253170019384,1.2816199289218337,1.2974233095615095,1.3058639538867418,1.3266528200965557,1.3445441099833952,1.3390898275914944
Guinea-Bissau,1.1225782283571069,1.0746565509618853,1.058590991334309,1.0874370940652875,1.1152071859877117,1.1120209145201825,1.1107152767056834,1.1021125182168001,1.0844444102775392,1.0851123908039186,1.0840003147343185,1.0788152269735587,1.0624064324315274,1.069434556329692,1.0743452378447544,1.0940223242820644,1.1175999149592775,1.1019360205503055,1.0937945018298596,1.100833441535481,1.113281932138096,1.1178132890647328,1.1289008196592372,1.1420074950667016,1.1703314226480381,1.2088415932198313,1.206300048742803,1.2079618278239368,1.216421260864015,1.198870918733028,1.1976392471787756,1.204330351773106
Honduras,1.1352493388497253,1.0495818646598274,0.9647322981991932,0.974856355040164,0.9990628188237695,0.9972212540756529,1.002726910844578,1.0204146306550206,1.03040437439581,1.0141618210726064,1.080698178854681,1.025203647328552,1.0065810233445702,1.022775385897037,1.0272974428819037,1.067560427377338,1.0736092750573982,1.083259646424982,1.095898637280751,1.0981698808415927,1.1035724603333528,1.1395536759646836,1.181219818661104,1.1635974637923336,1.1991016994381078,1.2519404118463884,1.2504309426704159,1.2706183318334572,1.2824923345833419,1.2821996458977982,1.3056127092954015,1.2936588172808
Croatia,1.1559344823021056,1.070192020255873,0.9998469764968861,1.0688438912811833,1.1776523840787463,1.3254118701478013,1.365110763854396,1.1702598752515416,1.115066045017757,1.084723421449485,1.054216991251693,1.0335644816040164,1.0791031709429248,1.107410183217091,1.1077120107262168,1.1742320256026553,1.2758318409065619,1.5042949366702378,1.6232890631861223,1.3742677982034321,1.1956890966912364,1.1382977488739932,1.1633981047885955,1.1327796366201086,1.1585856316143606,1.18892580996095,1.2362183853514561,1.303126934113529,1.4489314421593555,1.6257686822229969,1.7252968779493887,1.5345657541764808
Haiti,1.1146743423324117,1.0950760920324734,1.029110200897259,1.037582554770301,1.0500576504194465,1.0616541114848146,1.082368519116621,1.1075613698355804,1.0643863426560927,1.066655151617575,1.1310968372494137,1.0513573651947965,1.0013474882925602,1.0441556119775592,1.0745003542613856,1.1187275634370488,1.1285075212631555,1.1014510179854726,1.139507881640373,1.1559242052782723,1.1191771123196486,1.125238665681718,1.2024377518505596,1.2196817886457922,1.2831862360616675,1.456171426423337,1.484679889668027,1.4806798684899694,1.4949314197968038,1.4792856186318237,1.5212287139044454,1.4717908380294837
Hungary,1.1700096869546583,1.1032137934226944,1.051542466361264,1.0941970729246517,1.144344873396601,1.1709254267076346,1.1851149989717995,1.1474319249863985,1.1303617234945935,1.100518401686854,1.090248733582821,1.0717814757878028,1.0941776175343352,1.1019346314603304,1.1200203969432523,1.1679796054974345,1.2160311185910317,1.2271793765503316,1.2623163559351145,1.2361146772756224,1.2032176908252512,1.1800758571668917,1.1811406088255374,1.1590148790774195,1.1926519720382986,1.207780867693774,1.2104351846687247,1.25242668680859,1.252867676890665,1.2692849956723775,1.2975483321728976,1.2685240741049215
Indonesia,1.1443411788160427,1.1196832275659852,1.0554964905712132,1.0660044042641283,1.0976873789096604,1.1159888031733745,1.1245234374678463,1.1251547211020225,1.1097287682565398,1.0958424316679876,1.1234910059376897,1.0802830728549027,1.0543978861503067,1.0743892584496517,1.0964841306128055,1.1272364257966323,1.1434406634268335,1.1099541647873923,1.1188118030587597,1.1380366992733721,1.1611698436954991,1.168697646262197,1.1880059859560177,1.2013661653996397,1.2065554222251131,1.2976610481215736,1.322270028911525,1.3389908097277068,1.332862509939328,1.3403420912382613,1.3603071981354937,1.347170646358717
Israel,1.15647706103126,1.10239217422369,1.0263549644969159,1.1045118343077986,1.131566976530475,1.1188431070097191,1.1353222837011028,1.0759935259149407,1.0739866969716945,1.0958085744780843,1.102776960252136,1.044841850414638,1.0781119133058021,1.111825387263043,1.124252565423472,1.1160799437453073,1.1454432574708768,1.1347159500517796,1.1462356485157712,1.1198514949194862,1.1543766764749273,1.1513151074783123,1.1393267338346806,1.130377026453571,1.1373603936161267,1.119876434026415,1.121472863467671,1.1369965058408176,1.129986500775449,1.1249088086251573,1.1416881213607313,1.1193313350090157
India,1.1464652498605858,1.0844641715556742,0.9896147697901073,1.0142951178202386,1.0442592504101198,1.0417453283418292,1.0374471769868345,1.0789749592504045,1.0964371127193584,1.1036360529620024,1.1388691341595092,1.1354295856953711,1.1339543792422668,1.1512700158298084,1.123059921328227,1.058884097339803,1.1094321015522828,1.1540390820538329,1.182277795281114,1.2006251886710324,1.2260501102098598,1.2352780544392166,1.2591218909219528,1.25008419683965,1.2900280735697307,1.3705454990584431,1.38878993656504,1.3828045893513718,1.383453272233826,1.3894103613677558,1.4261986073274016,1.4224551800216136
Iraq,1.2010525528799776,1.078154213966627,1.0275812083657139,1.1166688328948648,1.091023856428182,1.1070655638149638,1.1287718733605692,1.152623599454178,1.1762571231490844,1.1822598493730752,1.2131841534400116,1.1865492419682202,1.1337048390232844,1.1702915266111875,1.2240820561490826,1.2878242203497157,1.3241410679524308,1.3443193628635788,1.3728678692341654,1.3991380924591197,1.4372782206103547,1.4788420040885357,1.5030466051799778,1.5024912157488344,1.5724521997885823,1.6837427304345995,1.7029776631652633,1.6903572731410128,1.7154004434380403,1.7144099450859305,1.7684452424373094,1.7972931929741398
Italy,1.1470345247767122,1.0134256463109155,0.9664144848054571,1.035302921656928,1.094963366435913,1.1236198246037463,1.1457836485654205,1.123445062442938,1.1098733335606528,1.0697062170276406,1.0737483076292278,1.0379772140116401,1.0752338303426192,1.0723401513450357,1.0809905656807435,1.12849726527964,1.148872315882751,1.17482996033609,1.2066219151576503,1.1837548222058698,1.145800332291095,1.1274906377063112,1.132519672551977,1.1149856399623304,1.1362767802028049,1.1387167928140443,1.1538150070941375,1.169994703731054,1.1781515348269933,1.185985652164569,1.2137815578046924,1.1917118809642695
Jamaica,1.140092348928983,1.106501297303647,1.0409474276823165,1.0697015061114221,1.1006409892071034,1.1148878491914922,1.1027959686978273,1.0781392530566778,1.0697594503109698,1.0708693231290873,1.0989697049053566,1.05344514834181,1.0234218006774283,1.035657624140167,1.0317366414368192,1.0609537493580092,1.0684434434296954,1.0844548950763717,1.0368204962012386,1.04933432469642,1.0666516982415122,1.1122922037981844,1.1509094607826096,1.1511213297273846,1.1837575031721348,1.2654101816125558,1.2698760761548185,1.27992528585527,1.2805074700079533,1.273961427347784,1.2800828283423007,1.2742537172335715
Jordan,1.1492405328219242,1.0486027762978438,0.9553915360110439,0.9904336580929476,1.0593912707804929,1.0855028445782007,1.0729679423321972,1.102296785422341,1.084142965934303,1.0707748695430637,1.0822725925959957,1.055047096271589,1.055154785389103,1.0465441391473829,1.0552592914946974,1.1151131948951887,1.14759496571001,1.1981055603263246,1.2041837479231552,1.2051838173617062,1.2112101045764796,1.2211311955401363,1.2134596806844702,1.1914783907137878,1.2120446865063725,1.2306696274023128,1.2868813646026365,1.2790330002079051,1.2959525126330071,1.3251386006271735,1.3490380046325539,1.322468513577473
Japan,1.1431495529407192,1.138863713971193,1.1082440146282464,1.1050545495224586,1.1204530003941113,1.1195634244609038,1.1235961181430536,1.1206904072767516,1.1248665262764508,1.1281547487741639,1.1226169469763403,1.0866146894316409,1.0980505078565306,1.1111581902531824,1.1130534013709574,1.114290060557776,1.1198751356843026,1.1214258969491653,1.115873023792607,1.1227082478134511,1.1322585431603474,1.1414040435532529,1.1415642970875934,1.1178909708885318,1.1202077794868601,1.1223092800742511,1.1203838329088147,1.131238194073737,1.1273703625254954,1.1245131527385275,1.1400115854329944,1.1238292640703367
Kenya,1.1520200798250007,1.1429547456842657,1.1056530030592266,1.1239129823262237,1.1459714518912076,1.1571767221523774,1.1591889598835885,1.1926950449941767,1.199971569604463,1.229118996067371,1.2241681127594157,1.199736909859718,1.1890255736605824,1.223284684774321,1.2368963824609698,1.2843650618068152,1.3168136009368157,1.3398909866700928,1.3453106037561853,1.3515406935519125,1.3628165908208258,1.384707342237345,1.366126712424179,1.3891896199379499,1.4472194926404516,1.565240712645268,1.5788021134792873,1.5862937330514721,1.6081808163462117,1.6142551680684158,1.6116950049115912,1.6393454395650717
Kyrgyzstan,1.1568627497745132,1.0930727691107258,0.9504510928455815,1.0009731206487011,1.061037246809247,1.015859272968717,1.0213642861463768,1.0550105057374715,1.0435879467377718,1.0454892455390536,1.0673951897693095,0.9985666096129139,0.9900886899150316,0.9998528094824572,1.0063943089699816,1.0038441573507964,0.9978995185270422,0.9768700176510344,0.9873680528293484,1.0061510142090886,1.0249888403487337,1.033095146980372,1.044767815036973,1.0157266634989568,1.0463785950487805,1.1046159109701406,1.122096930132901,1.10675181650488,1.108311966679237,1.088553284192421,1.1224041150584665,1.109525770245086
Cambodia,1.1357732531729925,1.0952566364887515,1.0336559458863546,1.0660803903823213,1.0759892527249835,1.0799848631239692,1.0753000781997775,1.066153119186036,1.082018092218462,1.0896470675210577,1.097631494321118,1.0875191249157987,1.078378741428312,1.0725868252234114,1.0689122451043636,1.0729193237689594,1.0847714673679503,1.0852045654625944,1.0827125086446494,1.0872077101613444,1.0792587328824108,1.1053233158968017,1.1386453097253992,1.1523838930299972,1.1757479060453648,1.246729732299444,1.2465109917246673,1.272472850836108,1.2771772920503224,1.2885020889837162,1.316065538338377,1.3076835036539984
South Korea,1.126884806384566,1.1459945604841266,1.169789515323742,1.1805409466818026,1.1679124444578413,1.1605640961326127,1.1455943855048463,1.1494665719678736,1.1690342478827003,1.1467869245318736,1.1364595265519408,1.134737529024983,1.1574435826590115,1.1752608567153038,1.192348964884374,1.203875537212281,1.2184510531412869,1.2009479361342845,1.2069084722798704,1.2194143323024587,1.2262777691308955,1.2134901561023803,1.1967479869491038,1.1930975885794906,1.1796382467432631,1.1552112006506652,1.1745163400570944,1.1912519631338148,1.1786764611300329,1.1728420716474601,1.1902093326281344,1.159574776387752
Kuwait,1.1543929466173004,1.0949786471631437,1.0483911261924193,1.0162978098345161,1.0563003328026683,1.075533061667573,1.07291765942114,1.0878435101468789,1.1108405050106722,1.109539437031849,1.1124911686668464,1.0775917878291201,1.059893530351901,1.0609681048327362,1.075432870014153,1.0853985170186535,1.0880277304187185,1.084241225942706,1.0821245274314188,1.090566620149022,1.0898868008470641,1.0967608139781186,1.1041018365347663,1.1018593997124881,1.1107174625369922,1.1270856483367695,1.1550131107151467,1.1247398320157802,1.132596365558033,1.1139488567188482,1.1398932136425002,1.1422554544109766
Kazakhstan,1.155725854486229,1.131252829166949,1.0059842499710432,1.0826476072197082,1.1280664776338325,1.090960217902615,1.1098588645802046,1.1181734518014521,1.1110356337739513,1.0936049286066902,1.1177805471664977,1.055705006237005,1.0567834824497295,1.0662566575857801,1.0881576503873258,1.1093397272418335,1.1274949837349668,1.1113187091867174,1.1151690139311414,1.1353136787446294,1.1524252159889827,1.147371328015609,1.1599085964159472,1.0092744236562219,1.1475106896304783,1.2081022060303723,1.245152114725039,1.2345891959452016,1.2310558325572498,1.2164276761985566,1.24699098027828,1.226937457149546
Laos,1.158149988687146,1.1302900937214744,1.015373380399424,1.0796410203310065,1.1217002947231205,1.1317544326880409,1.13133081837064,1.1202019618217338,1.0825512286670127,1.082771074793042,1.120367363308209,1.0870585884380688,1.050780116733081,1.0487887757438294,1.0363390154108738,1.0125146861667291,1.0194596840904504,1.0329501568066082,1.0385715003817972,1.0220001807588484,1.0119229418474645,1.0221498087525562,1.0517239975396557,1.069957967986695,1.1171836730624938,1.2687231865783386,1.2910714000584405,1.2918639507157048,1.3028433298925297,1.317641332967322,1.3471229963501805,1.3390564624680117
Lebanon,1.1447756861029184,1.0227082587311325,0.9668698074811055,1.0238918066062597,1.067021274677075,1.0586048538168786,1.0420988069374801,1.0736861756039207,1.073414967495998,1.0353027751241581,1.1054955696293534,0.977289216910698,0.971370460242593,1.0249293168503173,1.0514561631432426,1.0903346277184567,1.1059247448520388,1.1166608015604917,1.0673374469991448,1.056381587073469,1.075121857236491,1.0936401328117418,1.131637149686013,1.0945969504106892,1.1230564885740661,1.1834251437061531,1.2095206395718172,1.215166882261273,1.2319138364558315,1.2514187429513497,1.257979118394575,1.221064011046183
Liechtenstein,1.1368562552006352,1.0402570461087033,1.0369049981761964,1.0712346532476713,1.089551835496752,1.0816489541042937,1.077900369195793,1.1090007518726643,1.0840073718673864,1.0726506447269877,1.0608850455613563,1.0591184732152679,1.0650673373660737,1.076467557145527,1.0706179211802944,1.083862910883926,1.096029374858166,1.0680356534485342,1.080177094352908,1.1082075325592298,1.0974117023185224,1.099308324519046,1.0714028991958793,1.0848747104299103,1.1025855941351246,1.1158249933396163,1.1064180822246208,1.123054865908298,1.121321049302818,1.112446775432835,1.1143268661259211,1.1232000549651913
Sri Lanka,1.1699953568025485,1.1171993706779582,1.0435606570031006,1.0703062559855818,1.120711471815852,1.1393915064908873,1.133442888016643,1.143349928989572,1.119746786466746,1.0981175599580828,1.1381341307802972,1.1030836625133258,1.094173053017949,1.1160274218902237,1.1310263790172932,1.1039289001209815,1.098061435929935,1.1591503247268222,1.1472663446795337,1.1260035298693183,1.1872055051662807,1.213257652240015,1.2509238232051583,1.2761949607869525,1.2977943839695463,1.3600326521899921,1.3373658187475423,1.3288537844023798,1.347313979174811,1.3224698493681204,1.376414741378407,1.366346020363619
Lithuania,1.1493752182290211,1.1049217815377246,1.0655263773209613,1.131319750209532,1.188633036168901,1.2111012407322501,1.2128796231004255,1.1558201057119188,1.1201346661566332,1.07734139923125,1.0640920449351923,1.0420349516034058,1.0583342031593008,1.0895854575829758,1.1155529604323962,1.16684318517809,1.226229719808476,1.2588200701431884,1.245616843922226,1.2121117191197983,1.1861790565105037,1.1585300664866616,1.1814032068620384,1.1473067872503637,1.16172560137152,1.2126847357093822,1.2280493433967623,1.2699945481443624,1.3010921368317878,1.3218597959640512,1.3585545073951535,1.2997790782316234
Luxembourg,1.1318812438501653,1.0755360322990655,1.0181301498228443,1.072868002291296,1.1369579392706208,1.1969639283103444,1.1192680479382784,1.1211919867515658,1.1200971912951263,1.115056507417194,1.06780336944027,1.0511285007079736,1.0819823039219763,1.0990166766641802,1.124133462258205,1.1651392113532315,1.199754982995625,1.2016975409053203,1.1705999053466687,1.1879948790771426,1.1800084125897499,1.1573386894653852,1.148983782905183,1.1303044143705616,1.1402543000672805,1.173254054710931,1.1832434222076136,1.2169549061595013,1.243391752542386,1.2887719516089882,1.23771741457,1.2193251405104453
Latvia,1.147668299967047,1.1228046295580205,1.0850982333503858,1.1267612282235115,1.1782702348406073,1.2043878211315167,1.2097776156600042,1.1478518852737278,1.1122988632717492,1.0857927838059813,1.0724175444829418,1.0463208348955706,1.0561383801593245,1.076061168547539,1.1034864223335945,1.1451780655248676,1.1831505737776087,1.2151481975632998,1.2037401613670737,1.1632390932843018,1.1081023236723948,1.0856356564333225,1.1035332514219465,1.0795274574949176,1.0902691558472761,1.1209769066184712,1.1402816702168266,1.1676714818704401,1.1951677425881888,1.2286448445591367,1.2481547197049767,1.188023776368529
Libya,1.168306945167473,1.1250131394774907,1.0594419262768768,1.1524953848867598,1.138621648252421,1.1229461915586274,1.0796916249137596,1.0822674407707427,1.1787085148564151,1.225569850603969,1.2637259588328376,1.2514499626555624,1.2421219096073526,1.297151650916123,1.3799591654342815,1.4558494697392144,1.4690340735960412,1.4279537031808032,1.440400450527891,1.5258485368456443,1.602899772723715,1.652068034302822,1.6774425461294884,1.704202614976166,1.7807139576751456,2.0439266241797434,2.1351284770343844,2.041165501561952,2.088302786032948,2.0264830873888133,2.1350372790669887,2.1252520072258867
Morocco,1.1460595821741242,1.0569424240712837,0.9722931341349229,0.9887271862836332,1.058933302624713,1.1199365170671853,1.0994779088710558,1.1245613988114929,1.1475176943552508,1.1511120292437031,1.1768633142935836,1.1331163053330853,1.1159366422807664,1.1384534685629646,1.1400528949339,1.169466407782737,1.2134793142799682,1.242389603637214,1.261825819129959,1.2489473938289193,1.2528370627302268,1.268928986855162,1.273092151625028,1.2547824698405077,1.28059213325907,1.3501893963659697,1.3493136953399083,1.3507488477153162,1.3587720355026776,1.3896919670870642,1.4629471276318764,1.4152655002828043
Moldova,1.1449255435604577,1.0648453677009244,0.9850659831628327,1.0576578865194188,1.0959429840878292,1.1058467722695071,1.1093872917924028,1.06654848808707,1.0377129218230783,1.0171285392431884,1.0335401959117019,0.9762842626771933,0.9712709817570409,0.9737266449845875,0.9911186461010042,0.9990925529946156,1.01205366589411,1.0162376152590873,1.055023808815154,1.0421084395397686,1.025242334792539,1.025781034002882,1.0605911001911772,1.0215641141100378,1.0502417272522249,1.112461619293143,1.1265616928474325,1.1399311296166024,1.127095866858351,1.1270949271478898,1.185255357579504,1.1548807705035247
Mali,1.152219478606522,1.1426608421398845,1.1210489693503478,1.1313719574799015,1.1411942332376603,1.1379708875410934,1.1404947297509738,1.150135731953765,1.088498625572929,1.11884466630248,1.1657896543671051,1.157623167096669,1.0774962009780746,1.0967113493987406,1.1271851198638092,1.1609930163048683,1.1951270487650427,1.2266485960896034,1.2343817083916633,1.2765261139339852,1.2952033438668402,1.30889633113228,1.3660729707890946,1.4366201855504692,1.524866350855796,1.8219286682444518,1.830058485276388,1.8226524343454757,1.8438871905922818,1.808049544995015,1.8657672187894985,1.848111422129053
Myanmar,1.1577099609845898,1.1482493526831334,1.0338756788143628,1.0801622369984056,1.1291997894797776,1.1488519234671892,1.1598756074177448,1.116714702556517,1.0795665720759717,1.1100182476086584,1.1438555920999236,1.12924680501057,1.0340402723634892,0.9500360785279692,0.9108596533366212,1.0023205879384625,1.0594895500149235,1.0389379351742605,1.0478373401568515,1.0663762490228132,1.0884457657079187,1.117075363971123,1.1323286306002138,1.1410007828696107,1.1493000870966419,1.2512153795982313,1.2534391753191954,1.2806004750668398,1.3072937858944682,1.3170390350607755,1.345660598721252,1.350482644821237
Mongolia,1.0946801913134365,1.1098344693842899,1.1433601461061167,1.2016565423533612,1.201864124034932,1.1762160263965187,1.1857990970733752,1.289207459444134,1.3805104099796215,1.1938149926490957,1.168985590395646,1.1607215293109958,1.1665239893964785,1.2792042487207969,1.1960223444571958,1.3354935201913833,1.3784050632929632,1.3071788978774557,1.4411256677317013,1.527763093196204,1.5926321207500178,1.6411845789989576,1.7016816673194666,1.576058036052807,1.5903950473837232,1.8107071548460678,1.8657049593934645,1.9391889464099976,1.8749183942554615,1.7998249851615487,1.9722239055650055,2.0346423962474254
Malta,1.1800350896193932,1.0957590693939792,1.0459148835546992,1.0959808918665361,1.1290724241299732,1.1472698218705522,1.1410668604277503,1.128711320051108,1.1366176719699368,1.1152943468361658,1.1211791600380496,1.0846838752020327,1.1037430728722384,1.0948256110214005,1.1098572063476435,1.1598842638237867,1.1882015784931577,1.212463708460659,1.2264417550494977,1.2330513565776,1.2054604525152282,1.1966921703488418,1.182153608238353,1.1567455764125492,1.1865582890788537,1.1808879270995203,1.216350026834595,1.2433298374574753,1.257633695756089,1.2592795454078043,1.3066706149456613,1.2742925816893402
Mauritius,1.14722443608634,1.0569348932640479,0.9423830053355465,0.9848164956712083,1.0994919744045857,1.1069921735049624,1.1054121703395337,1.0991807662335598,1.0903362588826586,1.0829706729363164,1.1054544311052301,1.02904977086847,0.9915505545503512,0.9273742255810745,0.9332097243488546,1.016920614190535,1.0415825830835066,1.0617594128795151,1.0785137056813137,1.0865834008064843,1.1239015606777734,1.112363028383551,1.156605499198152,1.1345404775486447,1.1305941689692085,1.2103429463718667,1.2289346924292333,1.2529779384527144,1.2512942624455379,1.261061011888743,1.2873286707099962,1.2750527843055723
Mexico,1.1512135133698718,1.1130222111195682,1.0257560350557504,1.036156161818367,1.0558492357364992,1.06309453551305,1.0699801724375118,1.066938878397844,1.0761332987677752,1.0831614167135315,1.096317650232281,1.0578061153488953,1.061727426287978,1.0858688091015307,1.097730099485536,1.1369791444223456,1.1505660812277747,1.1615695825528174,1.1605718376860221,1.1629373313054079,1.186240903191068,1.1997268679315796,1.2228488471248555,1.204683063320392,1.2261904889075157,1.2402033241449926,1.2397663520369073,1.261218079383713,1.2626491371872215,1.264437670205245,1.2823745177239032,1.2833496548032581
Malaysia,1.139480032484126,1.0959059677996756,1.0447811863357161,1.0704933924616915,1.0953469968655556,1.1083858838241702,1.1059007716192655,1.1059998999738996,1.0910806430227826,1.0898444429805576,1.1072175525543615,1.0810842544777586,1.072836092090345,1.0942423424431633,1.1008632796591118,1.109082962312217,1.1024772225644317,1.116557126809359,1.1243575184076982,1.1309204926426362,1.1430259302892178,1.152829737655208,1.1651308037720425,1.1737955986715247,1.1713883335450375,1.202436083721795,1.21260829132276,1.2235738626852488,1.2317735313319789,1.229943636646799,1.2490691842218784,1.2474435448429892
Mozambique,1.1317305227701255,1.1380384591571304,1.1060123214294002,1.1352224873360157,1.1350229260901132,1.1367889381643335,1.1354711030070772,1.1158246875768052,1.0811977706482803,1.0857862465806778,1.112125070128432,1.0591515542076528,1.0480836598078263,1.0697138421659957,1.0872424032612362,1.125218372986341,1.136722580799026,1.1537798730133815,1.158739683455375,1.1641780370001455,1.1737903827907226,1.19393654580753,1.1854423235932088,1.1923559318519998,1.2490892296266982,1.4441452288937577,1.4774334325296319,1.487661868587957,1.5064563082861235,1.5051515920458076,1.553631709120522,1.5287883418404533
0,1.1336465855900746,1.1206978735983204,1.0312695898101027,1.091386517599352,1.107938408820068,1.1071686501480789,1.1271456611093833,1.1135815900550767,1.0778639740537619,1.0865842977679385,1.0709060664187504,1.026231272375301,0.9910258709455205,1.008983844582656,1.0390512172481887,1.0758848516734187,1.08477959678847,1.0830697501272268,1.0973770658367363,1.1261120001613447,1.1555646567365319,1.1723086547978618,1.1370164473548525,1.1811080452116338,1.2459943590398805,1.3999311449223037,1.4324905912784165,1.4139597059199847,1.4410476933101277,1.460157459739118,1.4906139221349892,1.4956594455922605
Niger,1.15007078706463,1.1271131073284788,1.115845320787179,1.132084238104038,1.1153100118626094,1.1246336281943483,1.101334416028457,1.1672778350326987,1.102810851219223,1.1260102401634176,1.1702740625941135,1.1774505934094064,1.0354841995689867,1.0430826292470703,1.1737523040753215,1.1948176352245279,1.2079200857627597,1.2224158857247411,1.2261224464212068,1.258083110944543,1.2545872001130716,1.2848495379469718,1.3344538805383914,1.3866933351994066,1.487289531236894,1.8099755541233926,1.8752541562186484,1.7955345132835303,1.805760616069241,1.7961731073788996,1.8086205042052301,1.809053986087313
Nigeria,1.1438910601129377,1.136578850038413,1.074127502697067,1.1078113826497435,1.1358580172286072,1.1553965648424136,1.162644474277425,1.1975588626205689,1.1323764098005755,1.160797019038931,1.2026869494896617,1.1917976783454292,1.176799966992191,1.1989126997041295,1.2120293547731333,1.24628367304453,1.2764514735862924,1.2968936232888493,1.3103843822945829,1.3147847634603047,1.320756410559389,1.3405550529167163,1.3596547871319422,1.3842498818133437,1.4466465572137566,1.6080914544781524,1.6325975073034045,1.6316289735822713,1.6473948181011633,1.6475028816118618,1.6980738285811414,1.6971541233259233
Nicaragua,1.1501667098816204,1.1271755198256428,1.0745347641560603,1.0766332244377705,1.0731576427018135,1.0913994544906755,1.0954533045807502,1.1010660674495705,1.1096947670517021,1.122587724726902,1.1710891275430475,1.1161172454873063,1.089291752987802,1.1106866359057233,1.1224834070770453,1.1727551232236295,1.173091692070288,1.1791415746695408,1.1988329145460856,1.1861588229143123,1.2160065002437737,1.2484606897246249,1.2958076440615194,1.294922158803821,1.323862794671674,1.3804574137324115,1.3714128039338613,1.3897082198723743,1.391271328659616,1.395403208768025,1.4361177138275059,1.4319010649777502
Netherlands,1.1357915750016374,1.1067337839211926,1.0799298447788415,1.1315104459205858,1.171768353957301,1.2034351650494692,1.201078529937655,1.1660297599603922,1.1043936420017375,1.0938306595873286,1.0586595657344693,1.0417946119808283,1.0839789475065795,1.105024703506614,1.1339529506471313,1.1754490615283737,1.2159685559655287,1.214429030285627,1.220832075925353,1.1990872928795702,1.1546186725010035,1.1324251458526002,1.0882569548714291,1.085478483261082,1.1085951439578825,1.1269306941523418,1.1636459168136988,1.1783347716090293,1.1859703083560835,1.19615325424381,1.2114037601526046,1.179427612119566
Norway,1.1393005464498733,1.0971851160788921,1.1161305889719217,1.1542262249804114,1.2079664652041606,1.2203808432115635,1.1890501513632243,1.1339975269054485,1.1217595124785495,1.0980190499877565,1.0924562046105057,1.0677324572741886,1.0844337673457132,1.1003934967851834,1.1120069342129362,1.1399899728374352,1.193360689244747,1.2291588650911673,1.2199130577152562,1.1749151943139702,1.1335658347748,1.1302939683231916,1.1075624095285135,1.0855687029723913,1.1038426715740193,1.122939947990911,1.1226275667121444,1.1666800361183496,1.2180733675142326,1.2201109465507167,1.2570485565961875,1.208205777691752
Nepal,1.157433672431451,1.0976334307382076,0.9425107525512728,0.9695772329406062,1.03230160015082,1.0791183277249268,1.036083860219689,1.0541142136024084,1.0878841684652518,1.1137879430097264,1.1717583838230659,1.1643992503196379,1.1739281776570554,1.2153959136473331,1.2395136098523831,1.0212154215071159,1.0725272621056219,1.2151342577520228,1.272753879770695,1.3270734823196775,1.3391341053276076,1.4049663163516182,1.4543732857074239,1.4199853593198273,1.4600751471570124,1.554541307225022,1.5863822771224234,1.548446358438936,1.5743775932668502,1.5653740067148476,1.584467111651605,1.5664277159500697
New Zealand,1.1677200969777621,1.1099812175680106,0.9663567327088292,1.0446885848652903,1.09156524191016,1.1016432063355996,1.0938198102642802,1.1093599359859607,1.1187891385391964,1.1239133727169537,1.1207467558476711,1.1055610991191915,1.118625933485568,1.1331223946114706,1.1320007843411106,1.159000765732307,1.153893468986697,1.163831476783519,1.1022043170393958,1.1002869258911845,1.1284301039347138,1.1468385262305063,1.1501350283579594,1.1465501396798579,1.1412803490616517,1.1307961316655961,1.1291304186299371,1.1485301086430877,1.1445679217728422,1.149411445351974,1.1772823605747376,1.1688980840516672
Oman,1.1445617660446075,1.0916100008758418,1.0033576675338196,1.0240321606452856,1.0491392727713331,1.0563252824522091,1.0382600727990747,1.036871299200462,1.0199049773454754,1.0134487924449749,1.029173460288821,1.0011763545018757,0.9758506739164764,0.9783338004234391,0.9846667264480061,0.9920308953364577,0.9960391677468359,0.9738571784916698,1.0036842652587206,1.0168787299584507,1.0172442968676745,1.0391019044539507,1.0597028349874709,1.0770612301016296,1.0855400507622137,1.1475324520312917,1.1711000587214027,1.1614109677980757,1.1693846780134756,1.1720679156482832,1.2165332042929875,1.1963135637283937
Panama,1.1298271699815106,1.1025617156688452,1.0185372831970168,1.0283977439218441,1.0574386594457468,1.0454718581353581,1.0359388072306954,1.04551841997327,1.05282696264761,1.060325175745734,1.0777697264933261,1.0105138852330808,1.0021576154410543,1.0362244572096315,1.048020045251667,1.0710704663526107,1.0833818236089388,1.1013967823369415,1.1144969678678847,1.1203498209074185,1.1353065127456523,1.1325403799351077,1.169649355234266,1.1520198108954238,1.1748678475549672,1.2025868159145179,1.2122665530313592,1.2259560324266514,1.2373322957057034,1.2400473849934102,1.2716693171961173,1.2530744126214268
Peru,1.1418806592454123,1.0744747341324823,0.9956197328409682,1.0052090925391637,1.0299951106473129,1.0565850757617106,1.0515652035182779,1.0584728283537468,1.070157873605329,1.0812355615903662,1.1009060946940445,1.0628568056971508,1.0445367202954952,1.0684242788053255,1.0836077987120696,1.1124764157097276,1.1392756167193039,1.1688510319886691,1.1874142104511332,1.1936980329392857,1.2038592637885754,1.2126714415097273,1.2354659166842725,1.2119546484472656,1.2364843803310557,1.2420461715154822,1.2401194145106371,1.2640676292396258,1.2782344342519183,1.288674954815972,1.3131476840287044,1.3166448715268257
Philippines,1.145728688124616,1.0740003152752349,0.9991682705024942,1.019877429967869,1.0671454238230658,1.07757531015328,1.071891694328915,1.081217720581242,1.0812495334243546,1.0866857947737585,1.135215362895924,1.0962517708931845,1.1005377946183779,1.1181563784894935,1.1123070689991867,1.155605522083023,1.1634901430761873,1.1724245944633986,1.161570291450676,1.1724036447699018,1.1987116936268976,1.2365763395927674,1.2672432480873257,1.2302677150185888,1.2723904688150898,1.3305793854297463,1.3489507913101142,1.3758520524712545,1.389672590594455,1.3939935838327404,1.425429612787449,1.4340329011848734
Pakistan,1.1530567358929895,1.0988514079580887,1.006313773077133,1.0558268090589662,1.0815979286735022,1.0994039666040312,1.093579742771634,1.1513170915724975,1.164117129748007,1.1691886229300807,1.205123548563109,1.1894872754365098,1.1758670478576239,1.2003764373617036,1.1862176094235053,1.1878846383672383,1.252775549980811,1.2624492913153422,1.260938768717026,1.2895031923560838,1.321784732190438,1.3639491537199413,1.3873502696261863,1.4071542871300067,1.4572361493818893,1.5437734324157895,1.510775166134477,1.5124617275977383,1.505391297869456,1.4804358628009102,1.5064117543496707,1.5160696676861978
Poland,1.1529513528002349,1.0799247809001662,1.0197281770553197,1.085826074131077,1.1565804362016538,1.2037876060160668,1.2167469439118608,1.1570484045965699,1.1121133449655252,1.0696641002533351,1.096691727977938,1.0565599983302991,1.0803053324379375,1.0951512662599048,1.1020446920607812,1.1693957402926443,1.244161384143377,1.2653026334896114,1.2791337584816906,1.2266544185322663,1.2065550908529794,1.1675082348080272,1.1751129313075461,1.147185884538789,1.158412218825461,1.2112882280058601,1.2239218192938353,1.2721766262669048,1.3017551790068087,1.3100547890687548,1.3445483944712984,1.2814917120792104
Puerto Rico,1.1383797562302431,1.0722646517444527,0.99068483656058,1.0324175516586789,1.0757426051939902,1.0856533398745174,1.0603502422063191,1.0566281375511106,1.0575014156488738,1.055826288286183,1.0722634251436114,1.0606454775427128,1.0479162347985727,1.0572531980009816,1.0648870846475675,1.0830663126243203,1.0899788898149707,1.1035523704025918,1.0923450508486716,1.078185783520898,1.0818589732222654,1.0934155341066378,1.1106142739107172,1.1001278773824312,1.110994500713948,1.144367865647368,1.1396869706944854,1.1535355946935337,1.1505845648824549,1.1518727277865664,1.1600586938517965,1.1365708768114755
Portugal,1.1622152265783534,1.0792266736981384,1.014295865497032,1.0646040308068123,1.105964727700747,1.13510521448561,1.1669248835305577,1.1277660180358953,1.112798994521616,1.0905276568582412,1.0975849168508296,1.0465655313372142,1.0294689860816901,1.0645148493116399,1.093837536322723,1.1376462915339316,1.163305826550182,1.1960224032012219,1.2569795444016656,1.206498041979781,1.182382082555717,1.1782364743883271,1.1851667257907494,1.1689439078528148,1.194265750580984,1.1994166163189146,1.2269851200974309,1.246822292333705,1.2620888937001202,1.3046875248855383,1.3688914619762549,1.304198462932874
Paraguay,1.1456556736170183,1.0867744154424106,1.0331878576131077,1.0698963193326354,1.0972734472108112,1.0984019055619738,1.1079686460165836,1.0975895227894794,1.0999951417184939,1.0956487736769076,1.1037536398521668,1.0600031738677822,1.0522755988181383,1.0537295878972264,1.0604024274110384,1.0920380105245566,1.1029805298312299,1.126370618356823,1.1411212737222558,1.1424121369770965,1.1579591594557148,1.163014881595754,1.1810188365454164,1.1787438028658288,1.2048949012054835,1.2385616739401761,1.2463605817982246,1.2650990774517643,1.2824369256430173,1.295792060662465,1.3143698374710677,1.3101172168472592
Qatar,1.1579696885332433,1.1173281125444285,1.0688066432181182,1.0885221818812896,1.1590888159707304,1.185100337038221,1.1746896842237813,1.1652484360860007,1.163549532969093,1.1654458757139972,1.1677569532961367,1.129483430160863,1.1086754769101834,1.1094023613413821,1.120477681139506,1.1291325295836052,1.1287082232299663,1.1142334524762483,1.1093815813670527,1.1253598067610995,1.149814853285086,1.1779605310156973,1.2044903020185718,1.197034909921779,1.231120981687338,1.2556026339826432,1.283508993231051,1.2585381800079858,1.252084796115772,1.219388418312757,1.2479604729558462,1.255747226953073
Runion,1.133693485351182,0.9154774421250099,0.7561332564590305,0.8192263189692185,0.8581819156927494,0.9688394923541594,1.0753549290112603,1.0082431958113216,1.0837777186122728,0.9900267828687792,1.091513714126619,1.1721844224092732,1.041758490235256,1.0122693562152931,1.3887705664310532,1.3417604121916569,1.3319756972670074,1.3379325077339776,1.3361187393001666,1.3449306929710234,1.3589711866381744,1.3935020093730008,1.3988732561942319,1.3498027302166926,1.3061677816551314,1.3332605713821541,1.3423247392122906,1.3555444090925788,1.3272608221014934,1.3551724231103244,1.3381978182630168,1.3435841667576545
Romania,1.1542032390695958,1.0678670225241405,0.9762277731524042,1.0264560609148532,1.0772358175322105,1.0941834111627575,1.0999014341309974,1.0874551323066264,1.0673174668820258,1.0392682602269132,1.0398194937521141,1.0248611636319673,1.037912206167716,1.0470653534752516,1.056205181451063,1.081623551654089,1.1086275529974876,1.1179952711814345,1.1411120462369104,1.1189162226261147,1.077199414529195,1.070587853888233,1.0760581502618913,1.0699219785510699,1.0908237771858047,1.1059610288211716,1.1052070319886236,1.1379811999183838,1.133569571021862,1.138731072845077,1.1603950871639983,1.1361178686843008
Serbia,1.154285522591835,1.0769571791518393,0.9624023757720497,1.0354832842315298,,1.1087636757381079,1.1127060751159492,1.1148289211458953,1.1116815555110733,1.0779331048014384,1.0652323579780711,1.046238510757311,1.070092261306962,1.0631261828281207,1.1032725929212421,1.1298402909873757,1.1491220244203184,1.1345942768280965,1.1513194327033467,1.1689087740253425,1.17691249811279,1.1779943523108471,1.1957981910030897,1.1566431374293318,1.2085051576528192,1.2364025985760394,1.2435077751767476,1.2639494165363556,1.2659368560925162,1.2466517810512456,1.2674801438038659,1.2613123086790827
Russia,1.1590354154896498,1.1446225621430817,1.0248469512977452,1.0514756696022554,1.113869268545958,1.1307911180332642,1.1343034753375956,1.120057844742078,1.1084124327029317,1.0892411312553312,1.1033568084448266,1.0539926134907691,1.0699145551291676,1.0884272435506934,1.108723618567822,1.11417039228772,1.1209861256042388,1.1099650706546433,1.121570814922629,1.120575181540065,1.1274474383122002,1.1080601077734864,1.1304098127949396,1.0943210329724813,1.1075665019937444,1.123264408600754,1.1280490133993994,1.1281532835477865,1.1390145206381261,1.135126194947503,1.1646945352020208,1.1349506234355118
Rwanda,1.14825175278845,1.1145074916162596,1.05249379356041,1.0922429216182006,1.1180714629426618,1.1338104225252148,1.1463146573945513,1.1930242729710316,1.162082066049267,1.1799852526079992,1.230912297213174,1.179082110171318,1.1325469825162477,1.1418269030547608,1.186950071769006,1.2351539316725653,1.2681756938209536,1.219399392849177,1.2697880202662302,1.2945635899181158,1.3058144602214992,1.3171385719568436,1.331253375115364,1.3576500455158123,1.412795323999873,1.6827666199179814,1.729966949950663,1.7160683205387717,1.736578630304328,1.7476055057560667,1.7935391800978748,1.7977553682815406
Saudi Arabia,1.1415358540843397,1.0823686838873237,1.0004834320860325,1.0179020900024534,1.0637567163253492,1.080756776614662,1.0730309891898868,1.076878592347708,1.0773707089415763,1.0740423824460008,1.081825436195886,1.062108596488288,1.0917459539767906,1.1281469212924662,1.150593248838585,1.1631757418244968,1.1745036921645657,1.1753667955275564,1.1756658883965094,1.187799806194915,1.203668283428767,1.2232458841291698,1.2429811795189534,1.2543917145869476,1.2684502915066511,1.313424179583089,1.3281160128348348,1.2967845954762607,1.3116476964950217,1.2962827962340333,1.2924479425335067,1.2958445992613434
Sweden,1.1433430386645584,1.1297072376237065,1.1373145688014477,1.1692259924620925,1.236376573881233,1.260102500170341,1.2382331399200381,1.1590601931912896,1.1300444086185324,1.1033342662850598,1.0867149995266283,1.0712471395502114,1.097120153397296,1.1132831941768748,1.1396294540970577,1.1762775469705489,1.2376448605388943,1.307708905166587,1.2407654954556828,1.1794377957834785,1.1380172652359253,1.1240468923098268,1.1023141490254247,1.0822680930152355,1.1044949635204426,1.120741736394461,1.1398775824473621,1.175354867076079,1.2267546600499422,1.2812415486101356,1.2717700219122747,1.1983183315582693
Singapore,1.139845674336028,1.1517836507961028,1.1243259788747806,1.118645907950325,1.1395047627404717,1.1613081037630308,1.1562983958337574,1.1534382454584704,1.1620522243760065,1.159132300687572,1.1686368735698953,1.1475433421345245,1.1526776855072607,1.1643456307916984,1.1678021689186349,1.1660867008500946,1.1676670793304824,1.1820571778782518,1.179491158203288,1.1783851354527497,1.1809287623509441,1.1816706746062013,1.1917481059339605,1.1849846025647668,1.1724620484342214,1.158028880829672,1.1507664346075082,1.1551114045051991,1.1536057670722228,1.1656014600781521,1.1842032022040707,1.1698885990922003
Slovenia,1.1500526272645488,1.0606109020180576,1.0088517139902244,1.085852745859288,1.1252197255452119,1.1489300884734817,1.133484964185328,1.1460283311040798,1.0889288336924237,1.031548503055889,1.0323906584451532,1.0206907569983494,1.0573223623575931,1.0873188623627126,1.091131706704837,1.1443560497114553,1.1861647291088249,1.1888854800694377,1.2416910761689015,1.2171840396384073,1.1545460579809645,1.1365307132094828,1.1522371145602104,1.1336151088412647,1.1569723520278077,1.1776025816182234,1.1817151590884791,1.213915293422063,1.2518778822220324,1.2457799594085701,1.315151442918624,1.276744842813307
Slovakia,1.1593848389510588,1.0623697029101367,1.0290549390227341,1.0781313866810118,1.142011889068305,1.1943540774342911,1.2057108438097497,1.1608387986784008,1.0872423318078943,1.0783286600857653,1.068025718696466,1.024750016938885,1.050365823758162,1.0731637453277785,1.102937339491236,1.1621120085133463,1.2220624337861608,1.2258751001640669,1.241644916063538,1.2217769277001502,1.185673616161513,1.1356535807613275,1.1171153322990488,1.1275969677884943,1.1568858432694842,1.1831607531948676,1.188459456918436,1.2375068499391886,1.2640255722211582,1.2578009139052722,1.2975578446464158,1.2556256543598578
Senegal,1.1366776536067529,1.112957565965607,1.0664671182237868,1.0726724464810562,1.0940975627318248,1.1054395770468652,1.0658404850925223,1.0920440020374016,1.0640522584808587,1.0950802495919467,1.1307886329793386,1.1019910584680368,1.0681223197347016,1.0828908815233498,1.1300458727981448,1.1677460240237416,1.1749137032177477,1.1619262107083224,1.1477785345231932,1.1460699235984355,1.167996612926331,1.1878085116389872,1.2283344258383997,1.2403040834490724,1.2863562183477193,1.3966867052440106,1.4096615905145564,1.3983347183943975,1.4168018757732124,1.377489483122574,1.407122230818222,1.4097353748219774
El Salvador,1.142536297511343,1.0877593298226638,1.0086463942293362,0.9997478955022759,1.0241686035403341,1.0400219974930343,1.0404199734494903,1.0686641035835012,1.0839736568680347,1.0969901868910013,1.1400386119228716,1.0842811509672472,1.0750229940967622,1.0911261855054872,1.0988424543516457,1.1397507518616863,1.1444276512825597,1.1612772815960277,1.1608204784384701,1.1784225797919057,1.196204849620864,1.2201500085332606,1.2758573579874266,1.2577204103618904,1.2840063274817357,1.3110419178368875,1.2990523646333803,1.3185088586791318,1.3222922100083367,1.3406552549365938,1.3539560885667201,1.3535993226738707
Togo,1.1272127964742633,1.145537566706288,1.1284961906651714,1.151485954025064,1.167385375365897,1.1798182284003291,1.1992421991392137,1.2467488457112714,1.2333138140204487,1.2415823168012816,1.2995437494436688,1.2513272633675703,1.1864145575561194,1.2091427835485384,1.2488233580255974,1.275580056552129,1.269886176427767,1.3099032526061107,1.3459380282248998,1.3019324062439201,1.3006666153165511,1.3179556026325905,1.3785857679255242,1.39883292595259,1.4583545314862418,1.66799389992952,1.6871619311548456,1.7059655337889137,1.7318835752117747,1.7756283060833615,1.8319403481974021,1.8128175978435594
Thailand,1.13901953644062,1.1043596591902287,1.0502704931759343,1.0856228007260857,1.1082365904841125,1.1109358615480167,1.1003708532348815,1.0868800233832487,1.0692792502656006,1.0808166980592517,1.0917276109386382,1.062344311910207,1.0689278280997216,1.097252353523213,1.0667060101169878,1.0613734773477257,1.0686682858038443,1.0712562351901034,1.0530814235780654,1.0610175044037768,1.0867637950004272,1.1061111924614981,1.1233937188391419,1.1039376986314793,1.1440585262523508,1.1734203751140897,1.1757990559878426,1.1724705920144296,1.179116026443577,1.1860024199920276,1.2056530035723303,1.2247455004951435
Tajikistan,1.1494898520012364,1.1259024613676372,1.098660495633649,1.0248285441964022,1.0453068492266704,1.0511064056590682,1.0600676529322068,1.0812966023312895,1.0680509858766427,1.0856773700920557,1.1359636377726738,1.088410676110734,1.050934548976488,1.0557969871509147,1.0877051853241364,1.092625121491697,1.0729094417404164,1.0363437184983493,1.0467059597839876,1.054374350443895,1.0665739829372196,1.08953073279311,1.1125062190815576,1.1146695617668325,1.1421197107373031,1.2289955473382759,1.2641336532570455,1.2358943855266413,1.2236329146560958,1.2221479200046286,1.2574953274903249,1.2340468471224477
Turkey,1.1554569325296933,1.108498466431875,1.0047934940358652,1.0186709359507085,1.1145494565648002,1.1221984464919639,1.1125342650734087,1.1192140279976501,1.140297367869789,1.106859964586198,1.0676581678988886,1.040150733194327,1.0683445879960725,1.1148007029130629,1.1068254349242561,1.083362806868619,1.174826546602694,1.2204760680463933,1.2334163658034822,1.2378511083092867,1.2421904460798012,1.2409739537534572,1.2472886185799816,1.2233079654400965,1.25293661579085,1.270452930049135,1.3053627265236223,1.3278645092177137,1.337448548052267,1.3339967815810367,1.3733431296386531,1.3637583547852374
Trinidad and Tobago,1.1914582956352195,1.116049764279879,0.9987727651492998,1.0416948401410944,1.0984275817399096,1.1239637517084031,1.1002178555707143,1.0743800084989064,1.078696152903596,1.0912223343074607,1.1065078989060873,1.0470443131726503,1.0270435810374539,1.0341610465618685,1.0417401289134285,0.9893480315347929,0.9767103025785461,1.0146913939986058,1.0560241808691047,1.0843124983240318,1.1068402326792932,1.122227718901993,1.1429450518479336,1.1358483185841728,1.157211296024693,1.2248568337795056,1.2469476685529297,1.25871107640836,1.2595835821086863,1.2814939437293258,1.2954202728060766,1.2900916637378794
Taiwan,1.149729848332999,1.137490056676078,1.1250785606114106,1.1256911271310683,1.1359244461620606,1.1342348288837598,1.1257452744497274,1.117898318963993,1.125387983022298,1.1223063866005993,1.1150446204751028,1.0933802817493115,1.0993448495224218,1.1013263355796779,1.109847260569937,1.0858628738722873,1.065889310224919,1.0811214227908776,1.0953516310429212,1.1036704240651247,1.1161547809719226,1.1241287856269628,1.1293957649844695,1.1257200098653581,1.1141863181155727,1.109907993073547,1.1047654996330691,1.0798337468376624,1.0910888357695145,1.1039382640410276,1.11896014178994,1.0890971818224486
Tanzania,1.1364127041578318,1.1345563385350852,1.1019257106806972,1.1070650515610785,1.1310654624919358,1.1397467391034253,1.145041672225787,1.1640261548849198,1.0781474348770836,1.0970262765091574,1.172055035868922,1.155176982545168,1.1322758958344328,1.1477987850698068,1.1501947822173506,1.2170275522308671,1.2696057562643268,1.2911572981233423,1.2954268287746122,1.2921754755958426,1.2801212915612243,1.3046146063486939,1.315070561208489,1.346865819946697,1.386938991770202,1.5681870173581356,1.6146872336656621,1.6207056549155272,1.6515567318808013,1.653417555712847,1.6772848889333352,1.6708670135023604
Ukraine,1.1612412237227725,1.1051356427017505,1.024231591419904,1.0863782569736964,1.141252602292371,1.146612878671778,1.1425731542385598,1.1176139093041237,1.0976607450553955,1.0703531013099854,1.0893405037357793,1.0200165736954905,1.040198486152149,1.0531215778743712,1.0533723359415714,1.0818894974447195,1.0892217423273336,1.0859729858809795,1.1025367978408331,1.103997588064845,1.1033469664870916,1.0888798274528744,1.1080778073207687,1.0761615725266536,1.0903986235410728,,,,,,,
Uganda,1.147277138424475,1.1342776171717806,1.0514809396915479,1.0576733415768194,1.0864559953133794,1.1004892451180193,1.1101037710534087,1.1424426997558188,1.1177584947026018,1.1410463656902339,1.1751762459727595,1.0415644807254316,1.0750587263232816,1.107467366531739,1.1373037281069476,1.1767522933494978,1.1780222035821775,1.165001735732522,1.2053414972080958,1.224752024107609,1.2366532157509835,1.2554876579582022,1.2626746965328264,1.308438312634391,1.3575491385426481,1.5255385651995546,1.5629315513055333,1.563147537663046,1.5783616996490097,1.5945311475595647,1.6510266514736385,1.6387229670677697
United States of America,1.1560241745898865,1.1277195860353098,1.0686675125094007,1.1105052984731951,1.1396134356336467,1.1385318434538143,1.1270370712927644,1.1120113903977036,1.1036129384342896,1.0874731346054034,1.0832413393211118,1.069255852875227,1.0720377944690487,1.1022987004379927,1.1148877164658304,1.1292645430796766,1.1400966848150376,1.1426386079902513,1.1315599040399864,1.1271142294083119,1.1228774006920266,1.1079132222302666,1.1044053211102265,1.08601039563819,1.0989643690778597,1.1006092389938966,1.1090637656591713,1.1212012180867417,1.129281748984288,1.1308818764838953,1.1330266939532652,1.1164657283867798
Uruguay,1.127466730481448,1.079700421751994,1.0132895048234947,1.045606888163307,1.0684966390102177,1.0764898274603938,1.0793231141049406,1.0787054204775586,1.079498640107216,1.0791351640022682,1.0754492822188997,1.0334263064707558,1.0427477799402305,1.0566519183279979,1.0495801512309002,1.0717045557165388,1.086534216012077,1.1042244769548848,1.119839367221354,1.1255514043512342,1.1409621947457194,1.1475890568760363,1.156031574208,1.1163368625924002,1.1439419420903774,1.1453942898015481,1.1417962546372236,1.1506419036821076,1.1671578279442503,1.1611629114211162,1.1902189041851554,1.1947190765155165
Venezuela,1.1446450595457527,1.0800089439367437,0.9957475967840231,1.0298859755093417,1.0732242489276083,1.0825779528064894,1.0820858022982218,1.0964871176063025,1.104252850420082,1.1440359848064543,1.1878532421526864,1.0908345057133173,1.0820816772881214,1.102925495921834,1.1104151863269855,1.1700435907908804,1.1812539566055833,1.2014882054564264,1.219810196932974,1.2306539913358725,1.2521857918263488,1.2986606242859646,1.3228511614803986,1.29404076967689,1.35928733293501,1.398314636450886,1.40871698956228,1.448260714666975,1.451762424213564,1.4700290597902392,1.4888437184181607,1.4854035222695192
Vietnam,1.1488310902927024,1.1275392736902112,1.0553909717288295,1.1437484904781647,1.1602698141778367,1.1486187352598471,1.1273430119205512,1.1143324245682795,1.0687031182419136,1.0491084351140445,1.0872493766216973,1.0710363886434058,0.9855055470897796,1.024207780861672,1.0445819587556127,1.0207776046317776,1.0060679177769434,0.9795837941622937,0.9477485918134921,0.9418862124008421,0.9872470573474509,1.036936084075846,1.035503556847736,1.080510735258199,1.098808253086817,1.1669098680030705,1.1973245260469025,1.2004717425677816,1.2049813798872635,1.2204036612253535,1.2353361005966121,1.241816551956822
Yemen,1.1707309016435359,1.1479846311236452,1.123067811184135,1.1364280682759922,1.1521041775104626,1.1886189422578692,1.1724820645434428,1.2332228287133375,1.253689476995736,1.2755792001895052,1.3248114751680027,1.2771206945283822,1.213354572051878,1.2633406946852137,1.3142358498644342,1.347092507383382,1.4109539702170188,1.4159599322895622,1.4780492245291872,1.4818023194256122,1.51135402808713,1.550053790820743,1.5831192102309304,1.4105487070358318,1.6048753477815345,1.8161998012945142,1.8317852549814735,1.7931050053574598,1.877562102943287,1.8402877618831803,1.9407412782617748,1.9299467464118878
South Africa,1.1307955421492495,1.116124789183669,1.029521380942336,1.0687339024206757,1.0999416556850803,1.1048828013692262,1.1073584315079332,1.1080563073028449,1.1134659730789835,1.1228605036768209,1.146987940265721,1.099004879314101,1.1084446851622658,1.1298219433766985,1.1513785802591847,1.18761898937514,1.2057948007152806,1.20456512548364,1.221269846102294,1.2363430282355692,1.249935665229286,1.2543286542536454,1.2657227295553304,1.262920583217429,1.2905350092007755,1.3581396322058883,1.3665905782140937,1.375872196402381,1.3826990618902266,1.3958049007174649,1.4339474597179085,1.4358073512397471
Zambia,1.1486758098284138,1.159898239230159,1.147065802169675,1.191299422111774,1.1963058164608815,1.1980980408935453,1.1914034445433284,1.213871201411543,1.15335192775254,1.1618099282955232,1.2134832980623727,1.1832837888171326,1.148925322161558,1.1756632266804328,1.220244216678664,1.2699550753883466,1.285599787228878,1.2788013479822484,1.27957134550212,1.3088531846336366,1.3233312582923262,1.329309830350914,1.3489760045141945,1.3762557382886251,1.4474995902272803,1.731703001521753,1.800239470196178,1.8203122758765486,1.8534873550384634,1.8692002950763522,1.9190144202760995,1.9410773624773174
Zimbabwe,1.1310646186864537,1.1563103716187537,1.0990305554692346,1.160189618760617,1.2051474317651334,1.235344738713741,1.2309594628017626,1.2363856432869855,1.224501224260694,1.2268287546441852,1.2463606234197837,1.1319990447274477,1.1182890003034005,1.2158636693086569,1.2401313944552683,1.3090522922529222,1.3170371234558307,1.3025720601941821,1.327778322829262,1.375261842511254,1.4145195401262292,1.3961657309665267,1.3993205456716136,1.4450151821742447,1.5810247051135402,1.7769056352867054,1.846570154508781,1.9136963180178268,1.952166320985679,2.007699144434432,2.0296919100621778,2.0504249085760793
