,date,mob_total,new_confirmed,new_deceased,population,covid_severity
0,2020-02-15,1893.0,2191.0,98.0,7749280755.0,4.091992663904974e-07
1,2020-02-16,967.0,2017.0,139.0,7756777743.0,4.392287768042086e-07
2,2020-02-17,816.0,1940.0,114.0,7757427085.0,3.970388591799442e-07
3,2020-02-18,1059.0,565.0,125.0,7756777743.0,2.3398891397112962e-07
4,2020-02-19,716.0,1202.0,1.0,7756777743.0,1.5625044833774607e-07
5,2020-02-20,1005.0,1144.0,209.0,7757427085.0,4.1689080213894143e-07
6,2020-02-21,744.0,1002.0,3.0,7749280755.0,1.3317364961053086e-07
7,2020-02-22,1013.0,647.0,159.0,7756777743.0,2.883929479633151e-07
8,2020-02-23,1206.0,870.0,76.0,7756777743.0,2.1013880428261228e-07
9,2020-02-24,-328.0,1087.0,63.0,7757427085.0,2.213362731207676e-07
10,2020-02-25,-630.0,1084.0,43.0,7756777743.0,1.9518414091035275e-07
11,2020-02-26,-442.0,1222.0,60.0,7757427085.0,2.3487168877462933e-07
12,2020-02-27,368.0,1772.0,66.0,7756777743.0,3.135322527701307e-07
13,2020-02-28,1223.0,1796.0,41.0,7757427085.0,2.8437263745160936e-07
14,2020-02-29,1522.0,1346.0,69.0,7756777743.0,2.624801260855206e-07
15,2020-03-01,1585.0,2521.0,71.0,7756777743.0,4.1653894272215967e-07
16,2020-03-02,1320.0,2838.0,82.0,7756777743.0,4.715875742734943e-07
17,2020-03-03,1325.0,2281.0,89.0,7749280755.0,4.091992663904974e-07
18,2020-03-04,1276.0,3397.0,88.0,7757427085.0,5.51342597633968e-07
19,2020-03-05,1540.0,3588.0,109.0,7749280755.0,6.036689272074257e-07
20,2020-03-06,1301.0,3402.0,146.0,7756777743.0,6.268066665166018e-07
21,2020-03-07,1916.0,3628.0,130.0,7757427085.0,6.352621746879107e-07
22,2020-03-08,2434.0,4650.0,242.0,7756777743.0,9.114609486368521e-07
23,2020-03-09,-418.0,7031.0,234.0,7756777743.0,1.2081047453572758e-06
24,2020-03-10,182.0,6929.0,330.0,7756777743.0,1.3187176865072645e-06
25,2020-03-11,82.0,9658.0,393.0,7756777743.0,1.7517583267436415e-06
26,2020-03-12,-752.0,11993.0,433.0,7756777743.0,2.104353191598209e-06
27,2020-03-13,-2343.0,12105.0,554.0,7756777743.0,2.274784786237235e-06
28,2020-03-14,-4242.0,12205.0,529.0,7756777743.0,2.255446859462762e-06
29,2020-03-15,-6133.0,15370.0,822.0,7756777743.0,3.041211284065536e-06
30,2020-03-16,-6788.0,18860.0,894.0,7757427085.0,3.5836624302605354e-06
31,2020-03-17,-9859.0,21707.0,963.0,7757427085.0,4.039612574714906e-06
32,2020-03-18,-12435.0,25801.0,1297.0,7757427085.0,4.997920003008317e-06
33,2020-03-19,-14072.0,29578.0,1392.0,7757427085.0,5.607271524873121e-06
34,2020-03-20,-16064.0,32714.0,1740.0,7756777743.0,6.460672415839774e-06
35,2020-03-21,-18814.0,31810.0,2087.0,7756777743.0,6.791479883195101e-06
36,2020-03-22,-22283.0,35344.0,2082.0,7757427085.0,7.240029378890385e-06
37,2020-03-23,-21147.0,44893.0,2433.0,7757427085.0,8.923448360069245e-06
38,2020-03-24,-22050.0,47949.0,2884.0,7757427085.0,9.89877173947037e-06
39,2020-03-25,-23111.0,53199.0,3093.0,7757427085.0,1.084496174803556e-05
40,2020-03-26,-23468.0,61778.0,3494.0,7757427085.0,1.2467793630573326e-05
41,2020-03-27,-24329.0,61300.0,3857.0,7757427085.0,1.2874113917630204e-05
42,2020-03-28,-24733.0,56134.0,3835.0,7757427085.0,1.2179811548947354e-05
43,2020-03-29,-26813.0,57728.0,3883.0,7757427085.0,1.244716823529125e-05
44,2020-03-30,-25659.0,57679.0,4449.0,7757427085.0,1.3170475066089519e-05
45,2020-03-31,-25528.0,72705.0,4966.0,7757427085.0,1.5773915585569437e-05
46,2020-04-01,-25953.0,71634.0,5185.0,7757427085.0,1.5918164443823453e-05
47,2020-04-02,-26466.0,71146.0,5389.0,7756777743.0,1.611958008115381e-05
48,2020-04-03,-26741.0,72167.0,5272.0,7756777743.0,1.6100371073891166e-05
49,2020-04-04,-27170.0,68409.0,5423.0,7757427085.0,1.5809236574989993e-05
50,2020-04-05,-27405.0,57794.0,5321.0,7757427085.0,1.4309383611821599e-05
51,2020-04-06,-25025.0,70910.0,5752.0,7756777743.0,1.655713290430423e-05
52,2020-04-07,-24986.0,73019.0,6126.0,7756777743.0,1.7311183128996868e-05
53,2020-04-08,-25324.0,79692.0,6299.0,7757427085.0,1.8392954060231428e-05
54,2020-04-09,-25780.0,80828.0,5871.0,7756777743.0,1.798917084170991e-05
55,2020-04-10,-30572.0,76460.0,5983.0,7756777743.0,1.7570440267286644e-05
56,2020-04-11,-27728.0,70456.0,6310.0,7756777743.0,1.7217974321943904e-05
57,2020-04-12,-29340.0,61945.0,5098.0,7756777743.0,1.4558235873382817e-05
58,2020-04-13,-29780.0,62459.0,5308.0,7757427085.0,1.4893984659347913e-05
59,2020-04-14,-26113.0,71344.0,6395.0,7756777743.0,1.744203643350414e-05
60,2020-04-15,-25362.0,71443.0,6419.0,7757427085.0,1.748427648933551e-05
61,2020-04-16,-24597.0,79391.0,5958.0,7757427085.0,1.79145737984078e-05
62,2020-04-17,-25316.0,74999.0,7174.0,7756777743.0,1.8917520246396468e-05
63,2020-04-18,-26585.0,72024.0,6092.0,7757427085.0,1.7137640939876137e-05
64,2020-04-19,-28007.0,64185.0,5183.0,7756777743.0,1.4956597164936971e-05
65,2020-04-20,-25188.0,70998.0,5571.0,7749930097.0,1.6349566823712216e-05
66,2020-04-21,-24152.0,73803.0,6149.0,7756777743.0,1.7441907513992307e-05
67,2020-04-22,-23740.0,76938.0,5533.0,7757427085.0,1.705049864480937e-05
68,2020-04-23,-23605.0,91135.0,5510.0,7757427085.0,1.8850966744214006e-05
69,2020-04-24,-24632.0,81167.0,5557.0,7749930097.0,1.764364301207451e-05
70,2020-04-25,-25208.0,76242.0,6094.0,7756777743.0,1.7685436471838846e-05
71,2020-04-26,-25646.0,64941.0,4409.0,7749930097.0,1.4068643024561721e-05
72,2020-04-27,-23368.0,71850.0,4879.0,7749930097.0,1.5566592019546057e-05
73,2020-04-28,-22988.0,72833.0,5646.0,7749930097.0,1.66831182193565e-05
74,2020-04-29,-22659.0,76834.0,5738.0,7757427085.0,1.7301355014927608e-05
75,2020-04-30,-20507.0,83973.0,5673.0,7749930097.0,1.8155389563380213e-05
76,2020-05-01,-28290.0,81165.0,5323.0,7757427085.0,1.7324687493340454e-05
77,2020-05-02,-23012.0,78425.0,6206.0,7749930097.0,1.812726027740325e-05
78,2020-05-03,-23571.0,74152.0,4305.0,7749280755.0,1.5124242327183564e-05
79,2020-05-04,-20443.0,75806.0,4400.0,7757427085.0,1.544403816977675e-05
80,2020-05-05,-19952.0,76185.0,5841.0,7749280755.0,1.736870869121066e-05
81,2020-05-06,-19581.0,90334.0,5881.0,7749280755.0,1.9246173253404084e-05
82,2020-05-07,-18787.0,89462.0,5570.0,7757427085.0,1.8712647687103592e-05
83,2020-05-08,-18855.0,89663.0,4988.0,7749280755.0,1.8007219561630144e-05
84,2020-05-09,-18116.0,84076.0,6161.0,7749280755.0,1.879993829182151e-05
85,2020-05-10,-19389.0,71935.0,3915.0,7756777743.0,1.4321023971615942e-05
86,2020-05-11,-18442.0,79087.0,4277.0,7749930097.0,1.572362569401379e-05
87,2020-05-12,-17989.0,85283.0,4988.0,7749930097.0,1.744054440598395e-05
88,2020-05-13,-17951.0,84955.0,4740.0,7756777743.0,1.706314198823629e-05
89,2020-05-14,-18022.0,101579.0,5501.0,7757427085.0,2.0185687636405286e-05
90,2020-05-15,-17919.0,96956.0,5248.0,7756777743.0,1.9265216169801504e-05
91,2020-05-16,-17145.0,94098.0,5380.0,7749280755.0,1.9085384137692143e-05
92,2020-05-17,-18377.0,74594.0,3940.0,7757427085.0,1.4694820686155377e-05
93,2020-05-18,-15771.0,94228.0,4345.0,7749280755.0,1.776655206499871e-05
94,2020-05-19,-15716.0,101360.0,5043.0,7749280755.0,1.9587624296882247e-05
95,2020-05-20,-14530.0,105773.0,4873.0,7749930097.0,1.9936050785775237e-05
96,2020-05-21,-15365.0,106595.0,4921.0,7756777743.0,2.008630454064565e-05
97,2020-05-22,-14333.0,110205.0,5328.0,7756777743.0,2.1076406391498693e-05
98,2020-05-23,-14906.0,95978.0,5025.0,7749280755.0,1.8869880266713862e-05
99,2020-05-24,-18240.0,88615.0,3878.0,7749280755.0,1.6439590205555794e-05
100,2020-05-25,-17050.0,92175.0,4114.0,7749280755.0,1.7203532071538685e-05
101,2020-05-26,-14787.0,97408.0,4563.0,7749280755.0,1.845822915987511e-05
102,2020-05-27,-13793.0,106753.0,4961.0,7756777743.0,2.015824162824669e-05
103,2020-05-28,-13871.0,121911.0,5128.0,7749280755.0,2.2349299951257218e-05
104,2020-05-29,-13159.0,119307.0,4891.0,7756777743.0,2.1686453521477417e-05
105,2020-05-30,-12075.0,123156.0,5226.0,7756777743.0,2.2614545087140315e-05
106,2020-05-31,-13051.0,99206.0,3921.0,7756777743.0,1.7844523149436847e-05
107,2020-06-01,-11955.0,97799.0,4285.0,7756777743.0,1.8132400419352842e-05
108,2020-06-02,-10929.0,118088.0,5115.0,7756777743.0,2.1818080343055668e-05
109,2020-06-03,-10844.0,124650.0,5416.0,7749280755.0,2.307439950277037e-05
110,2020-06-04,-11812.0,125942.0,5402.0,7756777743.0,2.3200613187918693e-05
111,2020-06-05,-12333.0,132357.0,4928.0,7756777743.0,2.341655337023365e-05
112,2020-06-06,-10244.0,124061.0,4828.0,7756777743.0,2.221811758826361e-05
113,2020-06-07,-11157.0,106541.0,4486.0,7756777743.0,1.9518543010547106e-05
114,2020-06-08,-10603.0,110559.0,4587.0,7756777743.0,2.016675031602746e-05
115,2020-06-09,-10674.0,129193.0,5165.0,7749280755.0,2.3336746430733752e-05
116,2020-06-10,-9811.0,140624.0,5416.0,7749280755.0,2.5135752098582986e-05
117,2020-06-11,-10327.0,142990.0,5443.0,7749280755.0,2.5475912699719963e-05
118,2020-06-12,-9255.0,143773.0,4743.0,7756777743.0,2.464979742039774e-05
119,2020-06-13,-7905.0,132983.0,4995.0,7756777743.0,2.35836330575651e-05
120,2020-06-14,-9693.0,117432.0,4531.0,7749280755.0,2.1000916748950592e-05
121,2020-06-15,-8773.0,125750.0,6155.0,7756777743.0,2.414662456572594e-05
122,2020-06-16,-8173.0,148228.0,5259.0,7749280755.0,2.591440500725541e-05
123,2020-06-17,-8461.0,148263.0,5561.0,7756777743.0,2.6283207635281604e-05
124,2020-06-18,-9080.0,142671.0,5421.0,7756777743.0,2.5381802408567477e-05
125,2020-06-19,-8657.0,183533.0,5400.0,7756777743.0,3.062263840347346e-05
126,2020-06-20,-7624.0,157025.0,5221.0,7756777743.0,2.6974474057713118e-05
127,2020-06-21,-8559.0,127228.0,4175.0,7756777743.0,2.1784561269979912e-05
128,2020-06-22,-8479.0,143494.0,4323.0,7756777743.0,2.407236692691196e-05
129,2020-06-23,-7037.0,174246.0,5441.0,7756777743.0,2.947821989696012e-05
130,2020-06-24,-7304.0,177754.0,5107.0,7756777743.0,2.9499878374947528e-05
131,2020-06-25,-7150.0,188651.0,5296.0,7756777743.0,3.1148372172715485e-05
132,2020-06-26,-6882.0,198191.0,5136.0,7757427085.0,3.2169300112731903e-05
133,2020-06-27,-6156.0,178087.0,5161.0,7756777743.0,2.9612425108774964e-05
134,2020-06-28,-7527.0,156512.0,4352.0,7756777743.0,2.578802779034325e-05
135,2020-06-29,-7678.0,170295.0,4685.0,7756777743.0,2.799422739628702e-05
136,2020-06-30,-6685.0,184240.0,5492.0,7756777743.0,3.083239044922058e-05
137,2020-07-01,-6532.0,214436.0,5228.0,7756777743.0,3.43848965172032e-05
138,2020-07-02,-6464.0,214562.0,5591.0,7756777743.0,3.4869118203636015e-05
139,2020-07-03,-6440.0,215519.0,5821.0,7756777743.0,3.528900905366575e-05
140,2020-07-04,-5782.0,194393.0,5210.0,7756777743.0,3.177775722946868e-05
141,2020-07-05,-5854.0,165275.0,4716.0,7756777743.0,2.7387016495568553e-05
142,2020-07-06,-5978.0,177704.0,5070.0,7756777743.0,2.9445732179979003e-05
143,2020-07-07,-5617.0,214786.0,5876.0,7756777743.0,3.5265416783000895e-05
144,2020-07-08,-6123.0,227142.0,6129.0,7756777743.0,3.718451263609965e-05
145,2020-07-09,-6012.0,227495.0,5854.0,7756777743.0,3.687549256624356e-05
146,2020-07-10,-6521.0,240203.0,6008.0,7756777743.0,3.8712337770794886e-05
147,2020-07-11,-5940.0,223357.0,5751.0,7756777743.0,3.6209236529107036e-05
148,2020-07-12,-5520.0,194065.0,5078.0,7756777743.0,3.156529787397313e-05
149,2020-07-13,-5083.0,197280.0,5515.0,7756777743.0,3.254315237120234e-05
150,2020-07-14,-5323.0,235879.0,6091.0,7756777743.0,3.8261892996461484e-05
151,2020-07-15,-4713.0,246704.0,6639.0,7756777743.0,4.036392563684675e-05
152,2020-07-16,-5229.0,250395.0,6669.0,7756777743.0,4.087844340855958e-05
153,2020-07-17,-5304.0,246794.0,7188.0,7756777743.0,4.108329651285717e-05
154,2020-07-18,-4270.0,229742.0,6053.0,7756777743.0,3.7421724537866525e-05
155,2020-07-19,-4195.0,202764.0,5481.0,7757427085.0,3.320353477740745e-05
156,2020-07-20,-4104.0,209848.0,5764.0,7756777743.0,3.448442238033582e-05
157,2020-07-21,-4360.0,253086.0,7726.0,7756777743.0,4.2588045054934867e-05
158,2020-07-22,-4568.0,297572.0,6671.0,7756777743.0,4.6963057608391755e-05
159,2020-07-23,-5008.0,289542.0,6978.0,7756777743.0,4.6323616829715835e-05
160,2020-07-24,-5539.0,283738.0,6721.0,7756777743.0,4.5244044837652894e-05
161,2020-07-25,-4610.0,256094.0,6281.0,7756777743.0,4.111294800057803e-05
162,2020-07-26,-4358.0,209691.0,5602.0,7756777743.0,3.425533240781423e-05
163,2020-07-27,-3513.0,227167.0,6213.0,7756777743.0,3.729602801383244e-05
164,2020-07-28,-3438.0,265384.0,6468.0,7756777743.0,4.255168975259886e-05
165,2020-07-29,-3479.0,304030.0,7086.0,7756777743.0,4.8330635789882527e-05
166,2020-07-30,-3911.0,295233.0,6916.0,7756777743.0,4.697736767420487e-05
167,2020-07-31,-6756.0,287490.0,6796.0,7756777743.0,4.582444047991076e-05
168,2020-08-01,-5668.0,252406.0,6661.0,7756777743.0,4.1127386985902966e-05
169,2020-08-02,-4785.0,216020.0,5569.0,7756777743.0,3.502872055928134e-05
170,2020-08-03,-5391.0,217457.0,6026.0,7756777743.0,3.580314006684309e-05
171,2020-08-04,-4165.0,277150.0,6926.0,7756777743.0,4.465900809296915e-05
172,2020-08-05,-3788.0,291247.0,7066.0,7756777743.0,4.6656873767795925e-05
173,2020-08-06,-3833.0,288634.0,6976.0,7756777743.0,4.620397952273776e-05
174,2020-08-07,-4118.0,294397.0,6719.0,7756777743.0,4.661561952401039e-05
175,2020-08-08,-2876.0,264968.0,6619.0,7756777743.0,4.2692727698540685e-05
176,2020-08-09,-3065.0,208394.0,5559.0,7756777743.0,3.403268841088412e-05
177,2020-08-10,-3099.0,233481.0,5692.0,7756777743.0,3.743835515489257e-05
178,2020-08-11,-3391.0,299408.0,6739.0,7756777743.0,4.72874191001556e-05
179,2020-08-12,-2899.0,291809.0,6862.0,7756777743.0,4.646633072931145e-05
180,2020-08-13,-3710.0,301280.0,6918.0,7756777743.0,4.7759522352476406e-05
181,2020-08-14,-3579.0,288272.0,6184.0,7756777743.0,4.513626812576316e-05
182,2020-08-15,-3918.0,256045.0,6020.0,7756777743.0,4.0770151018622525e-05
183,2020-08-16,-2559.0,213324.0,5337.0,7756777743.0,3.438206028794294e-05
184,2020-08-17,-3681.0,233578.0,5843.0,7756777743.0,3.7645528810403096e-05
185,2020-08-18,-3954.0,270724.0,6391.0,7756777743.0,4.314085192166115e-05
186,2020-08-19,-3680.0,291030.0,6715.0,7756777743.0,4.617639074720618e-05
187,2020-08-20,-4736.0,287507.0,6287.0,7756777743.0,4.5170431796398065e-05
188,2020-08-21,-5089.0,266607.0,6032.0,7756777743.0,4.2147269243988705e-05
189,2020-08-22,-4569.0,254323.0,5827.0,7756777743.0,4.029933696142001e-05
190,2020-08-23,-4647.0,209264.0,5078.0,7756777743.0,3.352474553427462e-05
191,2020-08-24,-4601.0,230586.0,5428.0,7756777743.0,3.6724785656914495e-05
192,2020-08-25,-4527.0,286140.0,6377.0,7756777743.0,4.5110226384373534e-05
193,2020-08-26,-4637.0,294338.0,6169.0,7756777743.0,4.589895595774839e-05
194,2020-08-27,-4742.0,290456.0,6060.0,7756777743.0,4.5257968144930514e-05
195,2020-08-28,-4927.0,294301.0,5929.0,7756777743.0,4.558477910741911e-05
196,2020-08-29,-4499.0,265343.0,5625.0,7756777743.0,4.1459612567888426e-05
197,2020-08-30,-4564.0,212435.0,4634.0,7756777743.0,3.3361146673762574e-05
198,2020-08-31,-4892.0,269973.0,5193.0,7756777743.0,4.149957761655567e-05
199,2020-09-01,-4482.0,287847.0,6085.0,7756777743.0,4.495384701652396e-05
200,2020-09-02,-5011.0,300712.0,6204.0,7756777743.0,4.676581075529213e-05
201,2020-09-03,-5207.0,299034.0,5898.0,7756777743.0,4.615499010824242e-05
202,2020-09-04,-4756.0,326153.0,5921.0,7756777743.0,4.9680809837276264e-05
203,2020-09-05,-3357.0,263721.0,9136.0,7756777743.0,4.5776869180045554e-05
204,2020-09-06,-3920.0,217454.0,6528.0,7756777743.0,3.644992925769331e-05
205,2020-09-07,-5484.0,241418.0,4818.0,7756777743.0,3.733483278689322e-05
206,2020-09-08,-4554.0,270447.0,5098.0,7756777743.0,4.143821192892467e-05
207,2020-09-09,-4922.0,306426.0,6028.0,7756777743.0,4.727555850506725e-05
208,2020-09-10,-4322.0,312952.0,5840.0,7756777743.0,4.787451855702861e-05
209,2020-09-11,-3655.0,324403.0,5596.0,7756777743.0,4.903621227812715e-05
210,2020-09-12,-2814.0,288604.0,5298.0,7756777743.0,4.403684252887843e-05
211,2020-09-13,-3285.0,233991.0,4793.0,7756777743.0,3.634511769457567e-05
212,2020-09-14,-3270.0,267539.0,5117.0,7756777743.0,4.108780869577121e-05
213,2020-09-15,-2955.0,309140.0,5967.0,7756777743.0,4.75468051579572e-05
214,2020-09-16,-3398.0,322289.0,6208.0,7756777743.0,4.9552663842517424e-05
215,2020-09-17,-5118.0,326849.0,5760.0,7756777743.0,4.9562977403463806e-05
216,2020-09-18,-4954.0,334819.0,5774.0,7756777743.0,5.060851464440368e-05
217,2020-09-19,-3441.0,291110.0,5375.0,7756777743.0,4.4459182849632925e-05
218,2020-09-20,-3732.0,234204.0,4382.0,7756777743.0,3.5842718356974843e-05
219,2020-09-21,-4357.0,273442.0,4992.0,7756777743.0,4.1687671184315384e-05
220,2020-09-22,-4813.0,321853.0,5646.0,7756777743.0,4.877192727887601e-05
221,2020-09-23,-5413.0,325788.0,5824.0,7756777743.0,4.950870228898345e-05
222,2020-09-24,-6327.0,330135.0,5619.0,7756777743.0,4.980483040765656e-05
223,2020-09-25,-6352.0,331526.0,5657.0,7756777743.0,5.003314686310717e-05
224,2020-09-26,-5176.0,289985.0,5404.0,7756777743.0,4.435153505725502e-05
225,2020-09-27,-5554.0,235612.0,4349.0,7756777743.0,3.598169359072739e-05
226,2020-09-28,-6350.0,272214.0,4870.0,7756777743.0,4.137207621935597e-05
227,2020-09-29,-5620.0,320802.0,5788.0,7756777743.0,4.8819498578741214e-05
228,2020-09-30,-5975.0,334048.0,5868.0,7756777743.0,5.063030204190292e-05
229,2020-10-01,-6871.0,336824.0,5608.0,7756777743.0,5.065299187598497e-05
230,2020-10-02,-6099.0,335908.0,5530.0,7756777743.0,5.0434344383921586e-05
231,2020-10-03,-5854.0,301026.0,5006.0,7756777743.0,4.526183573028541e-05
232,2020-10-04,-6512.0,247358.0,4749.0,7756777743.0,3.801166022399979e-05
233,2020-10-05,-6690.0,291277.0,4918.0,7756777743.0,4.389155023904621e-05
234,2020-10-06,-6486.0,352828.0,5773.0,7756777743.0,5.292893693782867e-05
235,2020-10-07,-6410.0,362509.0,6137.0,7756777743.0,5.464627375491375e-05
236,2020-10-08,-6242.0,373569.0,5673.0,7756777743.0,5.5473937020861214e-05
237,2020-10-09,-6355.0,377551.0,5488.0,7756777743.0,5.57487934200824e-05
238,2020-10-10,-5707.0,338630.0,5278.0,7756777743.0,5.046038612531121e-05
239,2020-10-11,-6646.0,280000.0,4557.0,7756777743.0,4.197232546643563e-05
240,2020-10-12,-7232.0,309781.0,4751.0,7756777743.0,4.606178130118946e-05
241,2020-10-13,-6236.0,359653.0,5109.0,7756777743.0,5.295278704751719e-05
242,2020-10-14,-6088.0,403273.0,6008.0,7749280755.0,5.9793033011616574e-05
243,2020-10-15,-6227.0,422505.0,5934.0,7756777743.0,6.21192221776413e-05
244,2020-10-16,-6127.0,424359.0,6262.0,7756777743.0,6.278109495137561e-05
245,2020-10-17,-6293.0,371448.0,5314.0,7756777743.0,5.4737677688801094e-05
246,2020-10-18,-6898.0,316275.0,5063.0,7756777743.0,4.7301213487921385e-05
247,2020-10-19,-6727.0,394199.0,5742.0,7756777743.0,5.822250101307305e-05
248,2020-10-20,-6796.0,437026.0,6474.0,7756777743.0,6.468742777280321e-05
249,2020-10-21,-6294.0,476533.0,6729.0,7756777743.0,7.010939568183009e-05
250,2020-10-22,-5607.0,496742.0,6577.0,7756777743.0,7.251877243841767e-05
251,2020-10-23,-5933.0,494623.0,6401.0,7756777743.0,7.201869365202978e-05
252,2020-10-24,-5316.0,447227.0,6153.0,7756777743.0,6.55887040800055e-05
253,2020-10-25,-6226.0,385816.0,5844.0,7756777743.0,5.727326664747006e-05
254,2020-10-26,-6201.0,456544.0,6295.0,7756777743.0,6.697291287852232e-05
255,2020-10-27,-5967.0,519540.0,7186.0,7756777743.0,7.62429992961576e-05
256,2020-10-28,-6565.0,542108.0,7524.0,7756777743.0,7.958820278911787e-05
257,2020-10-29,-7885.0,552975.0,7525.0,7756777743.0,8.099046031929086e-05
258,2020-10-30,-7639.0,554034.0,7286.0,7756777743.0,8.081886844904537e-05
259,2020-10-31,-6602.0,470097.0,7224.0,7756777743.0,6.991782128725098e-05
260,2020-11-01,-8573.0,420222.0,6669.0,7756777743.0,6.277245734408302e-05
261,2020-11-02,-8917.0,507463.0,7404.0,7756777743.0,7.496708288757784e-05
262,2020-11-03,-7505.0,556226.0,8757.0,7756777743.0,8.299786603799303e-05
263,2020-11-04,-8163.0,590896.0,9094.0,7756777743.0,8.790196426799952e-05
264,2020-11-05,-7946.0,624277.0,9041.0,7756777743.0,9.213709915112106e-05
265,2020-11-06,-8185.0,582451.0,8601.0,7756777743.0,8.617766579727564e-05
266,2020-11-07,-7087.0,583105.0,7953.0,7756777743.0,8.542658072135508e-05
267,2020-11-08,-8229.0,470858.0,7425.0,7756777743.0,7.027505725453143e-05
268,2020-11-09,-8221.0,532825.0,8539.0,7756777743.0,7.969997600587433e-05
269,2020-11-10,-7685.0,605428.0,9317.0,7756777743.0,9.006291312529103e-05
270,2020-11-11,-8927.0,646210.0,9593.0,7756777743.0,9.56763265093852e-05
271,2020-11-12,-8523.0,639345.0,10046.0,7756777743.0,9.537529944926256e-05
272,2020-11-13,-8192.0,628519.0,9369.0,7756777743.0,9.310683171910499e-05
273,2020-11-14,-8291.0,559389.0,9926.0,7756777743.0,8.491270754720141e-05
274,2020-11-15,-9639.0,480665.0,8313.0,7756777743.0,7.268417617209533e-05
275,2020-11-16,-9177.0,531134.0,8978.0,7756777743.0,8.004792976830301e-05
276,2020-11-17,-9236.0,647501.0,10747.0,7756777743.0,9.733049276567366e-05
277,2020-11-18,-9200.0,636633.0,11257.0,7756777743.0,9.658688502143924e-05
278,2020-11-19,-9449.0,649984.0,11026.0,7756777743.0,9.801028535155233e-05
279,2020-11-20,-9099.0,645972.0,10518.0,7756777743.0,9.683814914999557e-05
280,2020-11-21,-8787.0,558126.0,10110.0,7756777743.0,8.498709410552722e-05
281,2020-11-22,-10227.0,469156.0,9226.0,7756777743.0,7.237747665345218e-05
282,2020-11-23,-9015.0,524821.0,10260.0,7756777743.0,8.088680903177968e-05
283,2020-11-24,-8553.0,593320.0,11406.0,7756777743.0,9.119508427818054e-05
284,2020-11-25,-8198.0,644412.0,11685.0,7756777743.0,9.814152541459509e-05
285,2020-11-26,-8363.0,595955.0,11116.0,7756777743.0,9.116092060754563e-05
286,2020-11-27,-7694.0,592521.0,10556.0,7756777743.0,8.9996261737675e-05
287,2020-11-28,-7324.0,538916.0,10184.0,7756777743.0,8.260595072203037e-05
288,2020-11-29,-8660.0,463625.0,8818.0,7756777743.0,7.113843122525575e-05
289,2020-11-30,-7659.0,524420.0,10382.0,7756777743.0,8.099239411196831e-05
290,2020-12-01,-7053.0,626358.0,12030.0,7756777743.0,9.625878486383235e-05
291,2020-12-02,-6851.0,661666.0,12169.0,7756777743.0,0.0001009898731089632
292,2020-12-03,-6930.0,669937.0,12815.0,7756777743.0,0.00010288898643772833
293,2020-12-04,-6943.0,661005.0,11458.0,7756777743.0,9.998803958253364e-05
294,2020-12-05,-6350.0,581954.0,10845.0,7756777743.0,8.900654664535745e-05
295,2020-12-06,-7597.0,501669.0,9168.0,7756777743.0,7.649426342471393e-05
296,2020-12-07,-7351.0,554680.0,10713.0,7756777743.0,8.532022212409547e-05
297,2020-12-08,-8210.0,662601.0,11980.0,7756777743.0,0.00010086675497516572
298,2020-12-09,-7154.0,680454.0,12874.0,7756777743.0,0.00010432089545562219
299,2020-12-10,-5958.0,668808.0,12589.0,7756777743.0,0.00010245207821213706
300,2020-12-11,-6104.0,693101.0,12472.0,7756777743.0,0.00010543308408417807
301,2020-12-12,-5416.0,597939.0,11399.0,7756777743.0,9.178153913749441e-05
302,2020-12-13,-5986.0,503124.0,9617.0,7756777743.0,7.726068992254224e-05
303,2020-12-14,-5516.0,585489.0,11011.0,7756777743.0,8.967628350931338e-05
304,2020-12-15,-4644.0,654128.0,13039.0,7756777743.0,0.00010113967758170946
305,2020-12-16,-4716.0,733990.0,13233.0,7756777743.0,0.00011168555148841267
306,2020-12-17,-4517.0,730248.0,13425.0,7756777743.0,0.00011145066013785874
307,2020-12-18,-4768.0,689659.0,12294.0,7756777743.0,0.00010475986639340273
308,2020-12-19,-3802.0,588577.0,11730.0,7756777743.0,9.100131825190032e-05
309,2020-12-20,-3242.0,514668.0,10015.0,7756777743.0,7.926203642418841e-05
310,2020-12-21,-2952.0,582798.0,11511.0,7756777743.0,8.997395866212844e-05
311,2020-12-22,-2074.0,668171.0,13164.0,7756777743.0,0.00010311124367612295
312,2020-12-23,-616.0,679739.0,12419.0,7756777743.0,0.00010364213422583816
313,2020-12-24,-4228.0,612268.0,11504.0,7756777743.0,9.376419230992526e-05
314,2020-12-25,-21484.0,453323.0,9949.0,7756777743.0,7.126838209318021e-05
315,2020-12-26,-12630.0,441520.0,10007.0,7756777743.0,6.98215184119141e-05
316,2020-12-27,-8194.0,460952.0,10164.0,7756777743.0,7.252908599936405e-05
317,2020-12-28,-6613.0,568523.0,12215.0,7756777743.0,8.904122599403967e-05
318,2020-12-29,-4928.0,739845.0,14431.0,7756777743.0,0.00011398483098189758
319,2020-12-30,-2684.0,756638.0,14003.0,7756777743.0,0.00011559800083342416
320,2020-12-31,-3802.0,671913.0,12748.0,7756777743.0,0.00010305735532017808
321,2021-01-01,-23827.0,542539.0,10925.0,7756777743.0,8.402831969604882e-05
322,2021-01-02,-12292.0,544161.0,11145.0,7756777743.0,8.45210500702624e-05
323,2021-01-03,-9006.0,542884.0,10459.0,7756777743.0,8.347203200250314e-05
324,2021-01-04,-7411.0,626196.0,11921.0,7756777743.0,9.609737763502141e-05
325,2021-01-05,-7387.0,787891.0,14188.0,7756777743.0,0.00011986562343352681
326,2021-01-06,-8652.0,783416.0,14371.0,7756777743.0,0.00011952463132473693
327,2021-01-07,-8674.0,826647.0,14982.0,7756777743.0,0.00012588564895793224
328,2021-01-08,-9200.0,782526.0,13459.0,7756777743.0,0.00011823414701132039
329,2021-01-09,-8935.0,673883.0,13456.0,7756777743.0,0.00010422407690223799
330,2021-01-10,-9820.0,567756.0,11658.0,7756777743.0,8.822426304757408e-05
331,2021-01-11,-7845.0,622157.0,13256.0,7756777743.0,9.72977472096689e-05
332,2021-01-12,-8615.0,725500.0,15361.0,7756777743.0,0.00011333443204471612
333,2021-01-13,-10004.0,730879.0,15676.0,7756777743.0,0.00011443398656111269
334,2021-01-14,-12316.0,716269.0,14891.0,7756777743.0,0.00011153845432541486
335,2021-01-15,-13432.0,717678.0,13913.0,7757427085.0,0.00011045002300527585
336,2021-01-16,-13800.0,606000.0,14261.0,7756777743.0,9.651043575092416e-05
337,2021-01-17,-14646.0,502472.0,12266.0,7756777743.0,8.059171226920121e-05
338,2021-01-18,-12336.0,533528.0,13494.0,7756777743.0,8.617856823385845e-05
339,2021-01-19,-12556.0,619694.0,15003.0,7756777743.0,9.923244232369905e-05
340,2021-01-20,-12358.0,649980.0,16091.0,7756777743.0,0.00010453954294768556
341,2021-01-21,-11952.0,627671.0,15976.0,7757427085.0,0.00010150672270224762
342,2021-01-22,-11848.0,618041.0,14546.0,7756777743.0,9.843017620158206e-05
343,2021-01-23,-11876.0,521931.0,13919.0,7757427085.0,8.522426221425451e-05
344,2021-01-24,-12446.0,412395.0,12043.0,7756777743.0,6.86915388907257e-05
345,2021-01-25,-10804.0,480329.0,13280.0,7756777743.0,7.904429136870784e-05
346,2021-01-26,-11095.0,568724.0,15353.0,7756777743.0,9.311263309713734e-05
347,2021-01-27,-10684.0,586156.0,15556.0,7756777743.0,9.562166463636935e-05
348,2021-01-28,-10832.0,561557.0,15275.0,7756777743.0,9.208810973662573e-05
349,2021-01-29,-10466.0,551417.0,13729.0,7756777743.0,8.878777023378225e-05
350,2021-01-30,-9797.0,461362.0,13136.0,7756777743.0,7.641343089079664e-05
351,2021-01-31,-10806.0,364956.0,10769.0,7756777743.0,6.093329158831875e-05
352,2021-02-01,-10027.0,417763.0,12100.0,7756777743.0,6.945706295197119e-05
353,2021-02-02,-9667.0,486665.0,13581.0,7756777743.0,8.024917312626937e-05
354,2021-02-03,-10719.0,479891.0,13420.0,7756777743.0,7.916831193908814e-05
355,2021-02-04,-10917.0,485684.0,12891.0,7756777743.0,7.923315845353853e-05
356,2021-02-05,-10454.0,453535.0,12508.0,7756777743.0,7.459476333741331e-05
357,2021-02-06,-10789.0,388151.0,11434.0,7757427085.0,6.477547187928225e-05
358,2021-02-07,-12420.0,316212.0,9163.0,7756777743.0,5.257879154369887e-05
359,2021-02-08,-10652.0,339761.0,10527.0,7756777743.0,5.737317926913818e-05
360,2021-02-09,-9596.0,411795.0,12114.0,7756777743.0,6.870572003702698e-05
361,2021-02-10,-9179.0,429042.0,11894.0,7756777743.0,7.064557193153033e-05
362,2021-02-11,-10515.0,415504.0,12051.0,7756777743.0,6.9102663213951e-05
363,2021-02-12,-10986.0,395518.0,11114.0,7756777743.0,6.53181020246747e-05
364,2021-02-13,-10478.0,341233.0,9683.0,7756777743.0,5.647486811070797e-05
365,2021-02-14,-9360.0,264947.0,8235.0,7756777743.0,4.4773359699962205e-05
366,2021-02-15,-11268.0,304456.0,8723.0,7756777743.0,5.049596791057624e-05
367,2021-02-16,-11478.0,366270.0,9642.0,7756777743.0,5.964976892854103e-05
368,2021-02-17,-11024.0,383709.0,10095.0,7756777743.0,6.248200168393042e-05
369,2021-02-18,-10424.0,383463.0,10092.0,7756777743.0,6.244641989866539e-05
370,2021-02-19,-10036.0,380875.0,10153.0,7756777743.0,6.2191417104266e-05
371,2021-02-20,-9047.0,344936.0,8873.0,7757427085.0,5.590332918997717e-05
372,2021-02-21,-9426.0,281340.0,7389.0,7756777743.0,4.57960781873082e-05
373,2021-02-22,-8959.0,318240.0,8350.0,7756777743.0,5.1792124682513285e-05
374,2021-02-23,-8393.0,414200.0,9561.0,7756777743.0,6.572445632596231e-05
375,2021-02-24,-8343.0,425635.0,9491.0,7756777743.0,6.710840728545547e-05
376,2021-02-25,-8069.0,424335.0,10463.0,7756777743.0,6.819390957506258e-05
377,2021-02-26,-8011.0,411192.0,9319.0,7756777743.0,6.502468121575003e-05
378,2021-02-27,-7181.0,364516.0,8524.0,7756777743.0,5.798232396253409e-05
379,2021-02-28,-6954.0,286127.0,6851.0,7756777743.0,4.571962891679311e-05
380,2021-03-01,-7420.0,329837.0,7812.0,7756777743.0,5.25936172875593e-05
381,2021-03-02,-6905.0,410359.0,9027.0,7756777743.0,6.45408462878527e-05
382,2021-03-03,-6961.0,432880.0,9349.0,7756777743.0,6.785936344186418e-05
383,2021-03-04,-7616.0,443285.0,9023.0,7756777743.0,6.878049335388828e-05
384,2021-03-05,-7710.0,430419.0,9298.0,7756777743.0,6.747634357221778e-05
385,2021-03-06,-6416.0,377728.0,7879.0,7756777743.0,5.885407770152736e-05
386,2021-03-07,-7392.0,347136.0,6781.0,7756777743.0,5.349463575573794e-05
387,2021-03-08,-7661.0,339108.0,7712.0,7756777743.0,5.365991056990377e-05
388,2021-03-09,-7522.0,433836.0,8954.0,7756777743.0,6.747337842344569e-05
389,2021-03-10,-7638.0,470595.0,9753.0,7756777743.0,7.324239765831847e-05
390,2021-03-11,-8289.0,465457.0,9536.0,7756777743.0,7.230025386586612e-05
391,2021-03-12,-8403.0,476348.0,9112.0,7756777743.0,7.315769753904628e-05
392,2021-03-13,-7038.0,421172.0,8255.0,7756777743.0,6.493959433794234e-05
393,2021-03-14,-8761.0,346648.0,6761.0,7756777743.0,5.340593913159902e-05
394,2021-03-15,-7381.0,373960.0,7816.0,7756777743.0,5.828708968849979e-05
395,2021-03-16,-7201.0,515899.0,10286.0,7756777743.0,7.977010822030975e-05
396,2021-03-17,-7227.0,545688.0,9742.0,7756777743.0,8.290916941385412e-05
397,2021-03-18,-7093.0,548784.0,10169.0,7756777743.0,8.385879053799261e-05
398,2021-03-19,-6970.0,537678.0,9745.0,7756777743.0,8.188039170945213e-05
399,2021-03-20,-6350.0,489233.0,10839.0,7756777743.0,7.70452654182746e-05
400,2021-03-21,-8168.0,395231.0,7184.0,7756777743.0,6.0214565309867483e-05
401,2021-03-22,-7626.0,453735.0,8715.0,7756777743.0,6.973063015607408e-05
402,2021-03-23,-7116.0,554688.0,10929.0,7756777743.0,8.559971962574253e-05
403,2021-03-24,-6741.0,632550.0,9730.0,7756777743.0,9.409190570899667e-05
404,2021-03-25,-5833.0,630202.0,10220.0,7757427085.0,9.441300472113945e-05
405,2021-03-26,-5621.0,605967.0,11556.0,7756777743.0,9.301890861203705e-05
406,2021-03-27,-4948.0,559639.0,10270.0,7756777743.0,8.538842054585346e-05
407,2021-03-28,-6666.0,445678.0,7919.0,7756777743.0,6.76657263350958e-05
408,2021-03-29,-4921.0,486707.0,9525.0,7756777743.0,7.502561234594859e-05
409,2021-03-30,-3523.0,626214.0,12036.0,7756777743.0,9.624795562483864e-05
410,2021-03-31,-1996.0,685137.0,11977.0,7756777743.0,0.00010376821750840773
411,2021-04-01,-2495.0,663645.0,12198.0,7756777743.0,0.00010128239148130508
412,2021-04-02,-11895.0,602362.0,10682.0,7756777743.0,9.142739723849788e-05
413,2021-04-03,-6382.0,539599.0,9476.0,7756777743.0,8.1781252604855e-05
414,2021-04-04,-8372.0,509567.0,8152.0,7756777743.0,7.620264748895487e-05
415,2021-04-05,-10399.0,526161.0,8538.0,7756777743.0,7.883956718392208e-05
416,2021-04-06,-4909.0,668952.0,13077.0,7756777743.0,0.0001030997698395701
417,2021-04-07,-5580.0,731273.0,13490.0,7756777743.0,0.0001116666003201737
418,2021-04-08,-4436.0,813835.0,13653.0,7757427085.0,0.00012251033617030767
419,2021-04-09,-4420.0,765262.0,13011.0,7756777743.0,0.00011543092114609271
420,2021-04-10,-4199.0,694592.0,11052.0,7756777743.0,0.00010379464600833285
421,2021-04-11,-4897.0,580654.0,9223.0,7756777743.0,8.674787679809894e-05
422,2021-04-12,-3428.0,656174.0,10503.0,7756777743.0,9.813404808290896e-05
423,2021-04-13,-5814.0,802813.0,13843.0,7756777743.0,0.00012134458807323854
424,2021-04-14,-6251.0,815179.0,13267.0,7756777743.0,0.00012219623036838635
425,2021-04-15,-6059.0,817169.0,13578.0,7756777743.0,0.00012285371987871846
426,2021-04-16,-6021.0,839395.0,13200.0,7756777743.0,0.00012523176919393138
427,2021-04-17,-5166.0,784622.0,12663.0,7756777743.0,0.0001174781629939503
428,2021-04-18,-6070.0,668355.0,10434.0,7756777743.0,9.961546219334546e-05
429,2021-04-19,-5157.0,730412.0,11758.0,7756777743.0,0.00010932271467559568
430,2021-04-20,-3871.0,882274.0,14439.0,7756777743.0,0.0001323570216932539
431,2021-04-21,-4372.0,902559.0,14744.0,7756777743.0,0.00013536535850180282
432,2021-04-22,-4905.0,874113.0,13415.0,7756777743.0,0.00012998477375607333
433,2021-04-23,-4759.0,863326.0,14117.0,7757427085.0,0.0001294882941203952
434,2021-04-24,-4041.0,797862.0,13751.0,7756777743.0,0.00012058770161928565
435,2021-04-25,-5130.0,672409.0,11036.0,7756777743.0,0.0001009141973555191
436,2021-04-26,-4123.0,753259.0,12535.0,7756777743.0,0.00011326984336928938
437,2021-04-27,-4122.0,877573.0,15220.0,7756777743.0,0.00013275783245553281
438,2021-04-28,-3941.0,885802.0,15126.0,7756777743.0,0.0001336975267772604
439,2021-04-29,-3399.0,879948.0,14745.0,7756777743.0,0.000132451648614937
440,2021-04-30,-1977.0,838900.0,13860.0,7756777743.0,0.00012601882281365246
441,2021-05-01,-7469.0,746171.0,13472.0,7756777743.0,0.00011356403769528504
442,2021-05-02,-5493.0,648077.0,11057.0,7756777743.0,9.78044008911601e-05
443,2021-05-03,-4523.0,719588.0,11784.0,7756777743.0,0.00010796080895262542
444,2021-05-04,-2796.0,844706.0,14346.0,7756777743.0,0.00012739387832682935
445,2021-05-05,-3098.0,845194.0,14171.0,7756777743.0,0.0001272311819029001
446,2021-05-06,-3020.0,823056.0,14171.0,7756777743.0,0.00012437716175001147
447,2021-05-07,-1880.0,817021.0,13694.0,7756777743.0,0.00012298418642469025
448,2021-05-08,-1176.0,715656.0,13145.0,7756777743.0,0.00010920849198811445
449,2021-05-09,-602.0,604737.0,10916.0,7756777743.0,9.20352527367755e-05
450,2021-05-10,-1001.0,653941.0,11814.0,7756777743.0,9.953630561308195e-05
451,2021-05-11,419.0,751241.0,13577.0,7756777743.0,0.00011435302510768356
452,2021-05-12,163.0,723540.0,13437.0,7756777743.0,0.00011060133839392386
453,2021-05-13,-4711.0,696234.0,12701.0,7756777743.0,0.00010613221459683121
454,2021-05-14,-1420.0,666241.0,12816.0,7756777743.0,0.00010241378911712361
455,2021-05-15,-1780.0,594040.0,12321.0,7756777743.0,9.24675198599409e-05
456,2021-05-16,-2301.0,515233.0,10818.0,7756777743.0,8.037009962836574e-05
457,2021-05-17,-1242.0,560694.0,11556.0,7757427085.0,8.717503788177727e-05
458,2021-05-18,-543.0,655783.0,13395.0,7756777743.0,0.00010181199283590198
459,2021-05-19,-579.0,640584.0,13022.0,7756777743.0,9.937167539647526e-05
460,2021-05-20,-510.0,636003.0,12828.0,7756777743.0,9.853099125983299e-05
461,2021-05-21,1298.0,601570.0,12168.0,7756777743.0,9.324103693091984e-05
462,2021-05-22,1086.0,534523.0,11808.0,7756777743.0,8.41332601786783e-05
463,2021-05-23,-665.0,432346.0,9401.0,7756777743.0,6.785755856869858e-05
464,2021-05-24,-1781.0,480512.0,10148.0,7756777743.0,7.503012452886262e-05
465,2021-05-25,832.0,542478.0,11941.0,7757427085.0,8.532313520288796e-05
466,2021-05-26,1272.0,551847.0,11742.0,7756777743.0,8.628157492381047e-05
467,2021-05-27,2238.0,521608.0,11737.0,7749280755.0,8.245642662871879e-05
468,2021-05-28,4365.0,480811.0,11673.0,7749280755.0,7.710922069954091e-05
469,2021-05-29,4843.0,462705.0,10685.0,7756777743.0,7.342675256023511e-05
470,2021-05-30,4407.0,364001.0,8361.0,7756777743.0,5.770579160965912e-05
471,2021-05-31,4461.0,404787.0,9227.0,7756777743.0,6.408034579159657e-05
472,2021-06-01,5424.0,466002.0,10649.0,7756777743.0,7.38053891664793e-05
473,2021-06-02,5619.0,482250.0,10694.0,7756777743.0,7.59580871750137e-05
474,2021-06-03,4166.0,457364.0,10427.0,7756777743.0,7.240558110703109e-05
475,2021-06-04,5728.0,396082.0,9443.0,7756777743.0,6.323656758667037e-05
476,2021-06-05,5881.0,371700.0,9312.0,7756777743.0,5.9924367488738554e-05
477,2021-06-06,4422.0,296639.0,7841.0,7757427085.0,4.834708671966847e-05
478,2021-06-07,4814.0,346020.0,8325.0,7757427085.0,5.5336646454602156e-05
479,2021-06-08,5308.0,396020.0,13956.0,7756777743.0,6.904671214581686e-05
480,2021-06-09,5175.0,433656.0,11318.0,7756777743.0,7.049783017097336e-05
481,2021-06-10,5498.0,416485.0,11702.0,7756777743.0,6.877920415876998e-05
482,2021-06-11,5450.0,401032.0,10452.0,7749280755.0,6.523857064719293e-05
483,2021-06-12,4703.0,354513.0,11019.0,7757427085.0,5.990426914853818e-05
484,2021-06-13,3191.0,278101.0,8169.0,7749280755.0,4.6428954037812506e-05
485,2021-06-14,3809.0,320070.0,7952.0,7756777743.0,5.1514947732079164e-05
486,2021-06-15,4648.0,398218.0,9783.0,7756777743.0,6.395026600416028e-05
487,2021-06-16,4678.0,400775.0,9446.0,7756777743.0,6.384545444104263e-05
488,2021-06-17,3824.0,384429.0,9034.0,7749280755.0,6.126620198831601e-05
489,2021-06-18,4289.0,389358.0,8925.0,7756777743.0,6.170190971784816e-05
490,2021-06-19,3863.0,346841.0,8468.0,7756777743.0,5.563147666431726e-05
491,2021-06-20,2091.0,277578.0,6953.0,7757427085.0,4.4745248159815606e-05
492,2021-06-21,2197.0,324600.0,7103.0,7756777743.0,5.100442646523306e-05
493,2021-06-22,3338.0,407574.0,8342.0,7756777743.0,6.329870679137235e-05
494,2021-06-23,3595.0,438186.0,8646.0,7756777743.0,6.763710620346957e-05
495,2021-06-24,3612.0,401632.0,8343.0,7756777743.0,6.253395624719783e-05
496,2021-06-25,4049.0,403013.0,8541.0,7756777743.0,6.296725472645787e-05
497,2021-06-26,4544.0,357167.0,7657.0,7756777743.0,5.5917162302532145e-05
498,2021-06-27,4072.0,296816.0,6127.0,7756777743.0,4.616427231309417e-05
499,2021-06-28,4166.0,361860.0,6346.0,7756777743.0,5.4832046771460524e-05
500,2021-06-29,3172.0,420169.0,8636.0,7757427085.0,6.529600529271362e-05
501,2021-06-30,4301.0,403907.0,9034.0,7756777743.0,6.371808196335477e-05
502,2021-07-01,5308.0,434916.0,7965.0,7756777743.0,6.633759752422495e-05
503,2021-07-02,5347.0,426636.0,8039.0,7756777743.0,6.536554440502808e-05
504,2021-07-03,6528.0,376554.0,7657.0,7756777743.0,5.841652487837694e-05
505,2021-07-04,6090.0,323517.0,6308.0,7757427085.0,4.983572462415223e-05
506,2021-07-05,6399.0,389835.0,6870.0,7756777743.0,5.911410835688811e-05
507,2021-07-06,6893.0,475073.0,8104.0,7756777743.0,7.169381648221863e-05
508,2021-07-07,6632.0,486375.0,8473.0,7757427085.0,7.362041482855911e-05
509,2021-07-08,6406.0,493083.0,8703.0,7757427085.0,7.478162458293992e-05
510,2021-07-09,6094.0,483094.0,8064.0,7756777743.0,7.267631208187371e-05
511,2021-07-10,7077.0,428288.0,7432.0,7756777743.0,6.479597800176392e-05
512,2021-07-11,6423.0,378734.0,7737.0,7756777743.0,5.880070502362981e-05
513,2021-07-12,6793.0,473856.0,7337.0,7749280755.0,7.061636005985693e-05
514,2021-07-13,6677.0,539361.0,8086.0,7756777743.0,7.995858854660495e-05
515,2021-07-14,7052.0,576579.0,8145.0,7756777743.0,8.483277744986691e-05
516,2021-07-15,7805.0,576221.0,8367.0,7749280755.0,8.515512869684381e-05
517,2021-07-16,7277.0,556321.0,8265.0,7756777743.0,8.237582939341415e-05
518,2021-07-17,7646.0,480130.0,7473.0,7749280755.0,7.160148374311933e-05
519,2021-07-18,8069.0,435787.0,7035.0,7756777743.0,6.525093495901136e-05
520,2021-07-19,7941.0,499120.0,19941.0,7749280755.0,9.014126885895748e-05
521,2021-07-20,4029.0,519066.0,8286.0,7756777743.0,7.760000607767833e-05
522,2021-07-21,4415.0,550750.0,8664.0,7756777743.0,8.217200764521119e-05
523,2021-07-22,5344.0,590006.0,8922.0,7757427085.0,8.755815459914182e-05
524,2021-07-23,5483.0,634045.0,8971.0,7756777743.0,9.33061412843939e-05
525,2021-07-24,6510.0,510326.0,8735.0,7756777743.0,7.705209815240158e-05
526,2021-07-25,6660.0,449432.0,7905.0,7757427085.0,6.812593843413483e-05
527,2021-07-26,7445.0,557336.0,8411.0,7749930097.0,8.276797235220276e-05
528,2021-07-27,7169.0,647011.0,10216.0,7756777743.0,9.658275959706068e-05
529,2021-07-28,7090.0,669402.0,10110.0,7756777743.0,9.933274170390266e-05
530,2021-07-29,7191.0,648367.0,9761.0,7756777743.0,9.617099067627624e-05
531,2021-07-30,6929.0,633968.0,9229.0,7757427085.0,9.362098954230777e-05
532,2021-07-31,7873.0,558433.0,8820.0,7749280755.0,8.344426024089768e-05
533,2021-08-01,7660.0,496973.0,9516.0,7756777743.0,7.633749729832887e-05
534,2021-08-02,7732.0,587103.0,9258.0,7756777743.0,8.762440055902991e-05
535,2021-08-03,8328.0,662912.0,9944.0,7756777743.0,9.82820476824896e-05
536,2021-08-04,8777.0,725478.0,10828.0,7757427085.0,0.00010747867699745192
537,2021-08-05,8284.0,694110.0,10497.0,7756777743.0,0.00010301700351297534
538,2021-08-06,7179.0,662858.0,9793.0,7757427085.0,9.807220766162058e-05
539,2021-08-07,7686.0,612102.0,10181.0,7757427085.0,9.202948247885465e-05
540,2021-08-08,7832.0,522914.0,8567.0,7756777743.0,7.845835218744129e-05
541,2021-08-09,8284.0,587161.0,9381.0,7756777743.0,8.779044889026673e-05
542,2021-08-10,8801.0,689133.0,11145.0,7756777743.0,0.00010321076953925557
543,2021-08-11,8769.0,711388.0,10319.0,7756777743.0,0.00010501499810731396
544,2021-08-12,8555.0,716513.0,10478.0,7756777743.0,0.00010588069262925122
545,2021-08-13,8203.0,674444.0,10065.0,7756777743.0,9.99247401022252e-05
546,2021-08-14,8383.0,608081.0,10405.0,7756777743.0,9.180758087888403e-05
547,2021-08-15,8492.0,538138.0,8869.0,7756777743.0,8.08103597612646e-05
548,2021-08-16,7501.0,608558.0,9454.0,7756777743.0,9.064305092852524e-05
549,2021-08-17,7249.0,729687.0,10792.0,7756777743.0,0.00010798388554524296
550,2021-08-18,7225.0,727335.0,10742.0,7757427085.0,0.00010760719899180336
551,2021-08-19,6748.0,716268.0,10543.0,7756777743.0,0.00010593290503154229
552,2021-08-20,7608.0,671402.0,9896.0,7756777743.0,9.931469297224648e-05
553,2021-08-21,8061.0,588654.0,11089.0,7756777743.0,9.018487098348204e-05
554,2021-08-22,7250.0,542618.0,8718.0,7756777743.0,8.119325071139917e-05
555,2021-08-23,6652.0,610607.0,9635.0,7756777743.0,9.114055132467652e-05
556,2021-08-24,6654.0,715758.0,11117.0,7756777743.0,0.00010660715407841228
557,2021-08-25,7362.0,721903.0,10637.0,7756777743.0,0.00010678055082182339
558,2021-08-26,6946.0,729159.0,10816.0,7756777743.0,0.00010794675672583596
559,2021-08-27,6775.0,671946.0,10103.0,7756777743.0,9.965168857616963e-05
560,2021-08-28,7584.0,578562.0,9218.0,7757427085.0,8.646449301430979e-05
561,2021-08-29,6822.0,504582.0,9567.0,7756777743.0,7.73841948148752e-05
562,2021-08-30,7123.0,558755.0,8554.0,7756777743.0,8.306219687439612e-05
563,2021-08-31,7676.0,671106.0,10412.0,7756777743.0,9.994175747778674e-05
564,2021-09-01,8151.0,679444.0,10079.0,7756777743.0,0.00010058738639303049
565,2021-09-02,7901.0,672066.0,9939.0,7749280755.0,9.955194867630008e-05
566,2021-09-03,7861.0,622106.0,9746.0,7756777743.0,9.276609744933876e-05
567,2021-09-04,8949.0,537620.0,9535.0,7756777743.0,8.160218340292336e-05
568,2021-09-05,8768.0,502574.0,8225.0,7756777743.0,7.539522458636469e-05
569,2021-09-06,7429.0,532807.0,8414.0,7757427085.0,7.952984839431462e-05
570,2021-09-07,6697.0,561877.0,9184.0,7756777743.0,8.427687651485671e-05
571,2021-09-08,7264.0,591362.0,9157.0,7756777743.0,8.804326005296501e-05
572,2021-09-09,7379.0,620720.0,9557.0,7756777743.0,9.234375712858427e-05
573,2021-09-10,7559.0,559267.0,9121.0,7757427085.0,8.385215779311447e-05
574,2021-09-11,8604.0,508347.0,9441.0,7756777743.0,7.770713819200891e-05
575,2021-09-12,7857.0,462727.0,7256.0,7757427085.0,6.900316227722558e-05
576,2021-09-13,6928.0,486081.0,7761.0,7756777743.0,7.267076854286503e-05
577,2021-09-14,6713.0,554807.0,9689.0,7756777743.0,8.401645910096047e-05
578,2021-09-15,6466.0,546141.0,9523.0,7756777743.0,8.268523622180572e-05
579,2021-09-16,5932.0,575659.0,8808.0,7749280755.0,8.565169090973269e-05
580,2021-09-17,6352.0,520097.0,8636.0,7756777743.0,7.818414038577926e-05
581,2021-09-18,7365.0,592380.0,8564.0,7756777743.0,8.741000741085691e-05
582,2021-09-19,6077.0,424295.0,6722.0,7756777743.0,6.336587385703568e-05
583,2021-09-20,6111.0,450056.0,7150.0,7756777743.0,6.723874491191542e-05
584,2021-09-21,5394.0,500755.0,8603.0,7756777743.0,7.564803574906298e-05
585,2021-09-22,5711.0,524903.0,9307.0,7756777743.0,7.966877748401151e-05
586,2021-09-23,6482.0,511901.0,7923.0,7756777743.0,7.620831994747539e-05
587,2021-09-24,6390.0,475919.0,7982.0,7756777743.0,7.164560058479427e-05
588,2021-09-25,7628.0,403960.0,6899.0,7757427085.0,6.096737936660864e-05
589,2021-09-26,7058.0,378805.0,6006.0,7757427085.0,5.6573525627924096e-05
590,2021-09-27,6022.0,432612.0,6941.0,7756777743.0,6.472043116783164e-05
591,2021-09-28,5761.0,468579.0,8669.0,7757427085.0,7.157901633051573e-05
592,2021-09-29,5709.0,474076.0,8253.0,7757427085.0,7.175136728984156e-05
593,2021-09-30,6828.0,481318.0,7530.0,7756777743.0,7.175892083569269e-05
594,2021-10-01,7583.0,439304.0,7495.0,7756777743.0,6.629737463653404e-05
595,2021-10-02,8420.0,344499.0,6160.0,7756777743.0,5.2354084834579486e-05
596,2021-10-03,6640.0,361454.0,5730.0,7749930097.0,5.4033261559623586e-05
597,2021-10-04,6403.0,406737.0,6145.0,7756777743.0,6.0358439485069566e-05
598,2021-10-05,6426.0,451931.0,7701.0,7757427085.0,6.818510753685029e-05
599,2021-10-06,6035.0,452595.0,7551.0,7757427085.0,6.807733984650144e-05
600,2021-10-07,6371.0,447684.0,7052.0,7756777743.0,6.680660670826185e-05
601,2021-10-08,6939.0,424748.0,7609.0,7756777743.0,6.456779046582514e-05
602,2021-10-09,7988.0,360445.0,6201.0,7757427085.0,5.4458133524306276e-05
603,2021-10-10,6427.0,342167.0,5316.0,7749280755.0,5.101466994145575e-05
604,2021-10-11,6006.0,398563.0,5738.0,7756777743.0,5.877994898222521e-05
605,2021-10-12,6135.0,438421.0,7347.0,7756777743.0,6.599273783008017e-05
606,2021-10-13,6295.0,441215.0,7149.0,7756777743.0,6.609767831270965e-05
607,2021-10-14,6006.0,419809.0,6289.0,7756777743.0,6.222931944074396e-05
608,2021-10-15,6735.0,435597.0,7292.0,7757427085.0,6.555227582909341e-05
609,2021-10-16,7897.0,356267.0,6136.0,7756777743.0,5.384026896695369e-05
610,2021-10-17,7056.0,339594.0,5250.0,7756777743.0,5.0548567071402806e-05
611,2021-10-18,5212.0,424411.0,5929.0,7756777743.0,6.235849679159744e-05
612,2021-10-19,5517.0,460875.0,7662.0,7756777743.0,6.929359301097098e-05
613,2021-10-20,6319.0,456396.0,7085.0,7756777743.0,6.797229693422712e-05
614,2021-10-21,6271.0,470656.0,7787.0,7756777743.0,7.071570414596575e-05
615,2021-10-22,6688.0,437513.0,7813.0,7756777743.0,6.647644383846567e-05
616,2021-10-23,7254.0,322527.0,5226.0,7756777743.0,4.8317357080164054e-05
617,2021-10-24,6865.0,345323.0,6090.0,7756777743.0,5.237007085404639e-05
618,2021-10-25,6053.0,448529.0,6427.0,7756777743.0,6.610979674682165e-05
619,2021-10-26,6746.0,503624.0,8797.0,7756777743.0,7.626800968145259e-05
620,2021-10-27,7389.0,482476.0,8476.0,7756777743.0,7.312778821230175e-05
621,2021-10-28,7701.0,471822.0,7435.0,7757427085.0,7.040633370000925e-05
622,2021-10-29,8781.0,480967.0,7478.0,7756777743.0,7.164663194088891e-05
623,2021-10-30,9795.0,364604.0,6238.0,7756777743.0,5.504656883914535e-05
624,2021-10-31,10055.0,334552.0,5631.0,7757427085.0,5.038552031714005e-05
625,2021-11-01,4431.0,456437.0,6323.0,7756777743.0,6.699521595406888e-05
626,2021-11-02,6524.0,480162.0,7802.0,7756777743.0,7.196055095219453e-05
627,2021-11-03,7561.0,511293.0,7761.0,7757427085.0,7.591473223624892e-05
628,2021-11-04,6868.0,508131.0,7622.0,7756777743.0,7.533424565726918e-05
629,2021-11-05,7392.0,482121.0,7832.0,7756777743.0,7.22517801294181e-05
630,2021-11-06,8241.0,389722.0,6441.0,7756777743.0,5.85464757463014e-05
631,2021-11-07,6958.0,361082.0,5729.0,7756777743.0,5.393631400326691e-05
632,2021-11-08,6601.0,539246.0,6986.0,7749280755.0,7.860161726712404e-05
633,2021-11-09,6926.0,539634.0,8112.0,7756777743.0,8.002730264641025e-05
634,2021-11-10,7283.0,558029.0,8085.0,7756777743.0,8.23639687983258e-05
635,2021-11-11,6814.0,507773.0,7093.0,7757427085.0,7.459986328701664e-05
636,2021-11-12,7536.0,528784.0,7859.0,7756777743.0,7.830235957812721e-05
637,2021-11-13,7793.0,427799.0,7016.0,7756777743.0,6.419663119126707e-05
638,2021-11-14,6916.0,388290.0,5704.0,7756777743.0,5.7411726203175295e-05
639,2021-11-15,6726.0,582996.0,6973.0,7756777743.0,8.414911727863336e-05
640,2021-11-16,7103.0,598224.0,8320.0,7757427085.0,8.784149596682932e-05
641,2021-11-17,7102.0,602146.0,7763.0,7756777743.0,8.76363900736301e-05
642,2021-11-18,6946.0,594040.0,7708.0,7756777743.0,8.652046277923113e-05
643,2021-11-19,7918.0,578903.0,8053.0,7756777743.0,8.5013780444476e-05
644,2021-11-20,8425.0,461456.0,6320.0,7756777743.0,6.763839539858787e-05
645,2021-11-21,6682.0,419832.0,5686.0,7756777743.0,6.145489993318221e-05
646,2021-11-22,5927.0,675344.0,7626.0,7756777743.0,9.689642076934266e-05
647,2021-11-23,6469.0,644242.0,8498.0,7756777743.0,9.401094425556754e-05
648,2021-11-24,6916.0,648470.0,8088.0,7756777743.0,9.402744595308175e-05
649,2021-11-25,7030.0,589636.0,7032.0,7756777743.0,8.508120534916299e-05
650,2021-11-26,7930.0,562822.0,6903.0,7756777743.0,8.145805138869762e-05
651,2021-11-27,8331.0,475870.0,6204.0,7756777743.0,6.934709460838035e-05
652,2021-11-28,7411.0,447341.0,5664.0,7756777743.0,6.497298449150626e-05
653,2021-11-29,7474.0,586994.0,7827.0,7756777743.0,8.576551011795569e-05
654,2021-11-30,8007.0,678182.0,8406.0,7756777743.0,9.826786653618832e-05
655,2021-12-01,8480.0,695020.0,8241.0,7756777743.0,0.00010022589608185967
656,2021-12-02,8754.0,684503.0,7316.0,7756777743.0,9.767754409151955e-05
657,2021-12-03,9296.0,652375.0,10027.0,7756777743.0,9.703062598115749e-05
658,2021-12-04,9979.0,511227.0,6327.0,7756777743.0,7.40638727876981e-05
659,2021-12-05,8877.0,448853.0,5515.0,7756777743.0,6.497582072076653e-05
660,2021-12-06,8128.0,665731.0,7131.0,7756777743.0,9.501896591856493e-05
661,2021-12-07,9214.0,692551.0,8193.0,7756777743.0,9.984571244147352e-05
662,2021-12-08,7626.0,673961.0,7755.0,7749280755.0,9.697816142680198e-05
663,2021-12-09,8631.0,662473.0,7398.0,7756777743.0,9.494316124560899e-05
664,2021-12-10,9256.0,627685.0,7428.0,7756777743.0,9.049698512162204e-05
665,2021-12-11,10377.0,512700.0,5769.0,7756777743.0,7.353440035261302e-05
666,2021-12-12,9836.0,451245.0,5308.0,7756777743.0,6.501733280357573e-05
667,2021-12-13,8716.0,689959.0,6848.0,7756777743.0,9.777758563269949e-05
668,2021-12-14,9397.0,719770.0,7836.0,7756777743.0,0.00010289452997673701
669,2021-12-15,10447.0,768010.0,7741.0,7756777743.0,0.00010899113369116937
670,2021-12-16,10598.0,726892.0,6602.0,7756777743.0,0.000102221827964009
671,2021-12-17,10517.0,702646.0,7170.0,7756777743.0,9.982830830737649e-05
672,2021-12-18,11760.0,557187.0,5357.0,7756777743.0,7.87384942866475e-05
673,2021-12-19,12384.0,516808.0,4983.0,7756777743.0,7.305069434422751e-05
674,2021-12-20,11383.0,810725.0,6663.0,7756777743.0,0.00011310817830145478
675,2021-12-21,12229.0,889095.0,8002.0,7756777743.0,0.0001249378327069594
676,2021-12-22,13172.0,977542.0,7025.0,7756777743.0,0.0001350808331391944
677,2021-12-23,14818.0,1007891.0,6326.0,7756777743.0,0.00013809226401602725
678,2021-12-24,8437.0,919713.0,5731.0,7756777743.0,0.00012595732820650963
679,2021-12-25,-7771.0,669430.0,4849.0,7756777743.0,9.255389593286687e-05
680,2021-12-26,4541.0,674308.0,4241.0,7756777743.0,9.239893467964743e-05
681,2021-12-27,6129.0,1255073.0,6556.0,7756777743.0,0.00017025536166635527
682,2021-12-28,8104.0,1512698.0,7681.0,7757427085.0,0.00020490144252512815
683,2021-12-29,9313.0,1813087.0,6771.0,7756777743.0,0.00024247143109099652
684,2021-12-30,12216.0,1917005.0,6564.0,7756777743.0,0.0002556016255318404
685,2021-12-31,9045.0,1679088.0,5817.0,7757427085.0,0.00022394770598091932
686,2022-01-01,-9892.0,1292955.0,4392.0,7756777743.0,0.00017234927237749526
687,2022-01-02,5472.0,1189222.0,3893.0,7756777743.0,0.00015833275629282138
688,2022-01-03,4925.0,2252840.0,6436.0,7756777743.0,0.000298732292812067
689,2022-01-04,6197.0,2608125.0,7981.0,7756777743.0,0.0003465272680302966
690,2022-01-05,6763.0,2760800.0,7101.0,7756777743.0,0.00036507556279481246
691,2022-01-06,4817.0,2673745.0,6559.0,7756777743.0,0.0003531537309383495
692,2022-01-07,4125.0,2764078.0,6950.0,7756777743.0,0.00036530349249172756
693,2022-01-08,5157.0,2273622.0,5530.0,7756777743.0,0.00030024348732973614
694,2022-01-09,4527.0,2030720.0,4650.0,7756777743.0,0.00026779418836314595
695,2022-01-10,5154.0,3173891.0,7255.0,7756777743.0,0.00041852958890432396
696,2022-01-11,5376.0,3262622.0,9447.0,7756777743.0,0.0004327946618078058
697,2022-01-12,5209.0,3333247.0,7662.0,7756777743.0,0.0004395983890446247
698,2022-01-13,5453.0,3333560.0,7574.0,7756777743.0,0.0004395252916814172
699,2022-01-14,5886.0,3263382.0,8289.0,7756777743.0,0.0004313997526898071
700,2022-01-15,6770.0,2556687.0,7495.0,7756777743.0,0.0003392693573533012
701,2022-01-16,5801.0,2263747.0,5623.0,7756777743.0,0.0002990903022964184
702,2022-01-17,5943.0,3280361.0,7148.0,7756777743.0,0.00043211770545118736
703,2022-01-18,6025.0,3832214.0,9094.0,7756777743.0,0.0005057710985132193
704,2022-01-19,5984.0,3821517.0,9309.0,7757427085.0,0.0005046269796811116
705,2022-01-20,5644.0,3756916.0,9192.0,7756777743.0,0.0004961900582330505
706,2022-01-21,4857.0,3580256.0,10088.0,7756777743.0,0.0004745702560991891
707,2022-01-22,5639.0,2842235.0,7872.0,7756777743.0,0.00037656809267688204
708,2022-01-23,3942.0,2597904.0,6512.0,7756777743.0,0.00034331575407110386
709,2022-01-24,5061.0,3473289.0,9407.0,7756777743.0,0.00045990218080172726
710,2022-01-25,6188.0,3656332.0,10761.0,7756777743.0,0.00048524556519576945
711,2022-01-26,5793.0,3629122.0,10442.0,7756777743.0,0.00048132641203614285
712,2022-01-27,6021.0,3518957.0,10543.0,7756777743.0,0.00046725420272235844
713,2022-01-28,7048.0,3274985.0,11134.0,7756777743.0,0.000436563365897127
714,2022-01-29,7829.0,2689449.0,9837.0,7756777743.0,0.0003594042645499067
715,2022-01-30,7314.0,2364786.0,7749.0,7756777743.0,0.000314857029673694
716,2022-01-31,7837.0,2909428.0,10826.0,7756777743.0,0.00038903886381471634
717,2022-02-01,7351.0,3260342.0,12833.0,7756777743.0,0.0004368659399913916
718,2022-02-02,7498.0,3033280.0,11913.0,7756777743.0,0.00040640715828745385
719,2022-02-03,7122.0,3161274.0,11357.0,7756777743.0,0.00042219128979882647
720,2022-02-04,7496.0,2567758.0,10828.0,7756777743.0,0.0003449935125980572
721,2022-02-05,8771.0,2213805.0,10242.0,7756777743.0,0.0002986065962880329
722,2022-02-06,7704.0,1923479.0,8223.0,7756777743.0,0.0002585750251526834
723,2022-02-07,8450.0,2626105.0,11510.0,7749280755.0,0.00035373669978743726
724,2022-02-08,8454.0,2682090.0,13420.0,7749280755.0,0.0003634259861062422
725,2022-02-09,8771.0,2521320.0,11645.0,7749280755.0,0.00034038900943136625
726,2022-02-10,9322.0,2319686.0,10993.0,7749280755.0,0.00031352793592261585
727,2022-02-11,9763.0,2044367.0,11114.0,7749280755.0,0.0002781557499525645
728,2022-02-12,10906.0,1683007.0,8734.0,7749280755.0,0.00022845307273939387
729,2022-02-13,10549.0,1576981.0,7122.0,7749280755.0,0.0002126908357187273
730,2022-02-14,12997.0,1822190.0,10378.0,7749280755.0,0.0002485353235856532
731,2022-02-15,9552.0,2102004.0,11190.0,7749280755.0,0.00028569154609239605
732,2022-02-16,8990.0,2003547.0,10875.0,7749280755.0,0.00027257974859629406
733,2022-02-17,9267.0,1910977.0,10484.0,7749280755.0,0.00026012956088851885
734,2022-02-18,10383.0,1704078.0,10169.0,7749280755.0,0.00023302394855611344
735,2022-02-19,10280.0,1438614.0,8134.0,7749280755.0,0.00019614129982570234
736,2022-02-20,9080.0,1352245.0,6704.0,7749280755.0,0.00018315054582120375
737,2022-02-21,9566.0,1573314.0,7511.0,7749280755.0,0.00021271961258293576
738,2022-02-22,10501.0,1876844.0,10570.0,7749930097.0,0.00025581443641245786
739,2022-02-23,11114.0,1746409.0,9821.0,7749280755.0,0.00023803744609586028
740,2022-02-24,11431.0,1577475.0,9530.0,7749280755.0,0.000215861968727961
741,2022-02-25,12086.0,1448593.0,8368.0,7749280755.0,0.000197730995745811
742,2022-02-26,13415.0,1225639.0,7197.0,7749280755.0,0.000167448959590573
743,2022-02-27,12898.0,1192809.0,5597.0,7756777743.0,0.00016099197906333513
744,2022-02-28,12394.0,1429691.0,7800.0,7749930097.0,0.0001945425289169547
745,2022-03-01,11512.0,1585187.0,7589.0,7749280755.0,0.00021435240927724007
746,2022-03-02,12518.0,1665304.0,8600.0,7749280755.0,0.00022599568338907086
747,2022-03-03,14032.0,1662010.0,7269.0,7749930097.0,0.00022383427699193092
748,2022-03-04,15018.0,1495952.0,7226.0,7749280755.0,0.00020236871647580408
749,2022-03-05,15744.0,1348494.0,5943.0,7749280755.0,0.00018168447427738087
750,2022-03-06,15244.0,1274206.0,4893.0,7749280755.0,0.00017074307175492186
751,2022-03-07,14777.0,1668590.0,6194.0,7749280755.0,0.00022331491846948833
752,2022-03-08,15502.0,1901646.0,7134.0,7749280755.0,0.00025460246729697947
753,2022-03-09,15410.0,1769887.0,7416.0,7749280755.0,0.00023796363279394436
754,2022-03-10,16328.0,1797536.0,6507.0,7749280755.0,0.0002403585647349539
755,2022-03-11,16421.0,1861683.0,5868.0,7749280755.0,0.0002478117725649495
756,2022-03-12,17251.0,1378772.0,5287.0,7749280755.0,0.00018474514542220894
757,2022-03-13,18071.0,1535211.0,4174.0,7749280755.0,0.00020349643403776767
758,2022-03-14,17161.0,1669397.0,5653.0,7749280755.0,0.0002227209278598398
759,2022-03-15,17041.0,2214265.0,6160.0,7749280755.0,0.00029368725588262677
760,2022-03-16,16958.0,2057277.0,6240.0,7749280755.0,0.0002735320950440903
761,2022-03-17,16370.0,1767974.0,5647.0,7749280755.0,0.0002354339786725149
762,2022-03-18,16564.0,1752866.0,5053.0,7749280755.0,0.00023271785563278382
763,2022-03-19,17629.0,1217844.0,4523.0,7749280755.0,0.0001629924169652826
764,2022-03-20,18561.0,1388393.0,3756.0,7749280755.0,0.00018401101277430747
765,2022-03-21,17049.0,1821761.0,15862.0,7749280755.0,0.0002555567494082875
766,2022-03-22,17159.0,1817685.0,4975.0,7749280755.0,0.00024098171934151325
767,2022-03-23,16959.0,1699363.0,5368.0,7749280755.0,0.00022622009131220334
768,2022-03-24,17039.0,1648499.0,8869.0,7749930097.0,0.00022415544117907157
769,2022-03-25,17865.0,1429291.0,4133.0,7749280755.0,0.00018977516062392295
770,2022-03-26,18921.0,1064537.0,3746.0,7749280755.0,0.0001422063588661397
771,2022-03-27,19866.0,1451075.0,2989.0,7749280755.0,0.00019110999418164713
772,2022-03-28,18229.0,1447917.0,4401.0,7749930097.0,0.00019250844605392316
773,2022-03-29,17682.0,1585508.0,4213.0,7749280755.0,0.00021003729913254382
774,2022-03-30,17476.0,1454456.0,4700.0,7756777743.0,0.00019356697455395945
775,2022-03-31,18328.0,1316328.0,4103.0,7749280755.0,0.00017515922353493308
776,2022-04-01,19340.0,1094494.0,4010.0,7749930097.0,0.00014640054630159848
777,2022-04-02,17052.0,873842.0,2982.0,7749280755.0,0.0001166123706922011
778,2022-04-03,17130.0,998517.0,2795.0,7749280755.0,0.0001324596478631519
779,2022-04-04,16177.0,1035373.0,3208.0,7749280755.0,0.00013774865484274224
780,2022-04-05,16394.0,1366963.0,3734.0,7749280755.0,0.00018121720510563694
781,2022-04-06,16817.0,1172569.0,3867.0,7749280755.0,0.00015630340908973816
782,2022-04-07,16475.0,1069268.0,3595.0,7749280755.0,0.00014262201034423615
783,2022-04-08,18077.0,905974.0,3435.0,7749280755.0,0.00012134339040346203
784,2022-04-09,18046.0,712041.0,3047.0,7749280755.0,9.581676331973341e-05
785,2022-04-10,19701.0,849734.0,2181.0,7749280755.0,0.00011246772798077568
786,2022-04-11,19055.0,806164.0,2731.0,7749280755.0,0.00010755501398787558
787,2022-04-12,19601.0,994561.0,3051.0,7749280755.0,0.00013227950211232216
788,2022-04-13,19959.0,913474.0,3243.0,7749280755.0,0.00012206345722984455
789,2022-04-14,19710.0,862657.0,2857.0,7749280755.0,0.00011500770564093467
790,2022-04-15,10287.0,661681.0,2659.0,7749280755.0,8.881740406113342e-05
791,2022-04-16,16339.0,522144.0,2495.0,7749280755.0,7.059932622095327e-05
792,2022-04-17,17021.0,563952.0,1784.0,7749280755.0,7.5076903056405e-05
793,2022-04-18,13112.0,588424.0,2293.0,7749280755.0,7.889170870542295e-05
794,2022-04-19,18108.0,724685.0,2998.0,7749878085.0,9.73776608771001e-05
795,2022-04-20,18369.0,943678.0,3057.0,7749280755.0,0.00012572108700170589
796,2022-04-21,18331.0,789903.0,2509.0,7749280755.0,0.0001051701474971273
797,2022-04-22,18525.0,627747.0,2334.0,7749280755.0,8.40190232596625e-05
798,2022-04-23,19714.0,487955.0,2309.0,7749280755.0,6.594741062520712e-05
799,2022-04-24,19465.0,545159.0,3026.0,7749280755.0,7.425450415236634e-05
800,2022-04-25,18813.0,574460.0,2057.0,7749280755.0,7.678519062766878e-05
801,2022-04-26,20329.0,672231.0,2290.0,7749280755.0,8.970264750718791e-05
802,2022-04-27,19697.0,691736.0,2861.0,7749280755.0,9.295649787049172e-05
803,2022-04-28,19962.0,627752.0,2023.0,7749280755.0,8.361834091272384e-05
804,2022-04-29,22771.0,632164.0,2624.0,7756777743.0,8.48811222668031e-05
805,2022-04-30,24699.0,400551.0,2225.0,7749280755.0,5.4560031229633774e-05
806,2022-05-01,23494.0,443873.0,1443.0,7749280755.0,5.9141359629316976e-05
807,2022-05-02,16524.0,458044.0,1683.0,7749280755.0,6.127975163289848e-05
808,2022-05-03,19306.0,640418.0,2248.0,7749280755.0,8.554316470883884e-05
809,2022-05-04,19893.0,603093.0,2299.0,7749280755.0,8.079240122975775e-05
810,2022-05-05,19898.0,639925.0,1896.0,7749280755.0,8.502531019732037e-05
811,2022-05-06,20349.0,564805.0,1845.0,7749280755.0,7.52656947709207e-05
812,2022-05-07,21614.0,465579.0,1718.0,7749280755.0,6.229726541892468e-05
813,2022-05-08,23447.0,488065.0,1064.0,7749280755.0,6.435500477618196e-05
814,2022-05-09,20290.0,753317.0,1623.0,7749280755.0,9.930560323336743e-05
815,2022-05-10,20158.0,738050.0,2062.0,7749280755.0,9.790198909885799e-05
816,2022-05-11,19870.0,675423.0,1903.0,7749280755.0,8.961515551645541e-05
817,2022-05-12,20239.0,747233.0,1702.0,7749280755.0,9.862244305794286e-05
818,2022-05-13,20376.0,633097.0,1659.0,7749280755.0,8.383836133189628e-05
819,2022-05-14,22109.0,500018.0,1689.0,7749280755.0,6.670399696984524e-05
820,2022-05-15,23349.0,490779.0,961.0,7749280755.0,6.45723152664379e-05
821,2022-05-16,20416.0,588039.0,1508.0,7749280755.0,7.782902943745519e-05
822,2022-05-17,20008.0,752994.0,1862.0,7749280755.0,9.957233766529084e-05
823,2022-05-18,19926.0,732985.0,1836.0,7749280755.0,9.695674008393828e-05
824,2022-05-19,20232.0,1022060.0,1880.0,7749280755.0,0.0001343169815248228
825,2022-05-20,20870.0,564186.0,1556.0,7749280755.0,7.481287855339808e-05
826,2022-05-21,21036.0,563229.0,1581.0,7749280755.0,7.472164427987615e-05
827,2022-05-22,21977.0,453695.0,968.0,7749280755.0,5.979587198476719e-05
828,2022-05-23,20049.0,541258.0,1293.0,7756777743.0,7.144564642194622e-05
829,2022-05-24,20739.0,691538.0,1800.0,7749280755.0,9.156178778813647e-05
830,2022-05-25,21058.0,616096.0,1889.0,7749280755.0,8.19412820461168e-05
831,2022-05-26,20057.0,650202.0,1539.0,7749280755.0,8.58908098755547e-05
832,2022-05-27,22133.0,601496.0,1509.0,7749280755.0,7.956686813833215e-05
833,2022-05-28,22135.0,707590.0,2159.0,7749930097.0,9.408859059029006e-05
834,2022-05-29,22517.0,320296.0,590.0,7749280755.0,4.209371299259372e-05
835,2022-05-30,20958.0,546437.0,1457.0,7749280755.0,7.239471865024718e-05
836,2022-05-31,22175.0,695495.0,1603.0,7749280755.0,9.181819868133039e-05
837,2022-06-01,23054.0,639791.0,1668.0,7749280755.0,8.471379741615775e-05
838,2022-06-02,22172.0,609472.0,1562.0,7749280755.0,8.066451839374607e-05
839,2022-06-03,22633.0,570709.0,1453.0,7749280755.0,7.552171853141228e-05
840,2022-06-04,23818.0,409203.0,1050.0,7749280755.0,5.416025219233395e-05
841,2022-06-05,24019.0,334425.0,1243.0,7749280755.0,4.47596378252526e-05
842,2022-06-06,20259.0,542386.0,1364.0,7749280755.0,7.175194932010177e-05
843,2022-06-07,22038.0,703777.0,1728.0,7749280755.0,9.304824832095014e-05
844,2022-06-08,21459.0,716757.0,2047.0,7749280755.0,9.513489358665003e-05
845,2022-06-09,21505.0,648270.0,1549.0,7749280755.0,8.565440083864918e-05
846,2022-06-10,22640.0,597134.0,1617.0,7749930097.0,7.913671379273603e-05
847,2022-06-11,23436.0,446694.0,1518.0,7749280755.0,5.960217658935497e-05
848,2022-06-12,24304.0,470559.0,988.0,7749280755.0,6.199788279576922e-05
849,2022-06-13,22081.0,552936.0,1294.0,7749280755.0,7.302303502617128e-05
850,2022-06-14,21741.0,704669.0,1467.0,7749280755.0,9.282655032673416e-05
851,2022-06-15,22856.0,679221.0,1768.0,7749280755.0,8.993105580157807e-05
852,2022-06-16,21569.0,657189.0,1881.0,7749280755.0,8.723377322002834e-05
853,2022-06-17,22770.0,615801.0,1647.0,7749280755.0,8.159092695048445e-05
854,2022-06-18,23506.0,459784.0,1363.0,7749280755.0,6.109134705108512e-05
855,2022-06-19,24117.0,469680.0,1106.0,7749280755.0,6.203672511023896e-05
856,2022-06-20,21827.0,563984.0,1241.0,7749930097.0,7.437409018993891e-05
857,2022-06-21,21819.0,941047.0,1833.0,7749930097.0,0.00012379169721432392
858,2022-06-22,22451.0,803658.0,1809.0,7749930097.0,0.0001060329563899033
859,2022-06-23,23076.0,787248.0,2168.0,7749930097.0,0.0001043787479209827
860,2022-06-24,22536.0,810204.0,1969.0,7749930097.0,0.00010708406264480401
861,2022-06-25,23272.0,559449.0,1354.0,7749930097.0,7.393473138832622e-05
862,2022-06-26,24841.0,587092.0,1043.0,7749930097.0,7.710030832811008e-05
863,2022-06-27,22981.0,676158.0,1432.0,7749930097.0,8.909473909542542e-05
864,2022-06-28,23189.0,1024059.0,1988.0,7749930097.0,0.0001347030214381042
865,2022-06-29,22644.0,955467.0,1812.0,7749930097.0,0.00012562526213970315
866,2022-06-30,23810.0,947415.0,2143.0,7749930097.0,0.0001250133856529932
867,2022-07-01,23764.0,953956.0,2050.0,7749280755.0,0.00012574792820240258
868,2022-07-02,25078.0,688611.0,1432.0,7749930097.0,9.070159229850405e-05
869,2022-07-03,26286.0,656636.0,1105.0,7749930097.0,8.615380934319155e-05
870,2022-07-04,24403.0,727788.0,1424.0,7749930097.0,9.574641199502421e-05
871,2022-07-05,23709.0,1223363.0,2102.0,7749930097.0,0.00016056699665997
872,2022-07-06,24501.0,1052335.0,2082.0,7749930097.0,0.00013847286189270515
873,2022-07-07,24239.0,1073761.0,2297.0,7749930097.0,0.00014151495384771856
874,2022-07-08,24788.0,1059126.0,2474.0,7749930097.0,0.0001398549388748119
875,2022-07-09,21311.0,826382.0,1779.0,7749930097.0,0.00010892640184287329
876,2022-07-10,22672.0,734698.0,1163.0,7749930097.0,9.630125570924875e-05
877,2022-07-11,21383.0,803364.0,1669.0,7749930097.0,0.00010581437377318321
878,2022-07-12,21948.0,1293286.0,2688.0,7749930097.0,0.00017034553647277885
879,2022-07-13,22400.0,1083567.0,2213.0,7749930097.0,0.00014267186750858767
880,2022-07-14,22143.0,1138742.0,2521.0,7749930097.0,0.000150188709502111
881,2022-07-15,21309.0,985552.0,2273.0,7749930097.0,0.00013010207671296367
882,2022-07-16,23879.0,1168078.0,2393.0,7749930097.0,0.00015380887118729325
883,2022-07-17,25699.0,814931.0,1561.0,7749930097.0,0.00010716754726878152
884,2022-07-18,24167.0,839170.0,1845.0,7749930097.0,0.00011066164330075505
885,2022-07-19,24266.0,1140362.0,2866.0,7749280755.0,0.00015085554865794767
886,2022-07-20,24060.0,1165687.0,2551.0,7749280755.0,0.00015371710454953054
887,2022-07-21,23927.0,1213316.0,3099.0,7749930097.0,0.00016055706108648272
888,2022-07-22,23567.0,1070295.0,2594.0,7749930097.0,0.00014145095327044988
889,2022-07-23,24705.0,1259156.0,2336.0,7749930097.0,0.00016548742813776634
890,2022-07-24,20198.0,822238.0,1640.0,7749930097.0,0.00010821233088600851
891,2022-07-25,23118.0,844144.0,2186.0,7749930097.0,0.00011174345951007099
892,2022-07-26,24939.0,1196035.0,2825.0,7749930097.0,0.0001579736829463689
893,2022-07-27,25498.0,1061930.0,2504.0,7749930097.0,0.00014025545861642887
894,2022-07-28,26167.0,1056349.0,3088.0,7749930097.0,0.00014028887827270423
895,2022-07-29,25956.0,982647.0,2961.0,7749930097.0,0.00013061498456506658
896,2022-07-30,26406.0,828530.0,2218.0,7749930097.0,0.00010977002235533842
897,2022-07-31,28113.0,1149113.0,1884.0,7749930097.0,0.00015070497222318365
898,2022-08-01,25541.0,768941.0,2260.0,7749930097.0,0.00010213524381418688
899,2022-08-02,26484.0,1081072.0,2840.0,7749930097.0,0.00014315896867630806
900,2022-08-03,26614.0,1387860.0,2547.0,7749930097.0,0.00018236680619185204
901,2022-08-04,26314.0,978300.0,2960.0,7749930097.0,0.00013005278594579303
902,2022-08-05,25797.0,1066645.0,2790.0,7749280755.0,0.00014124472123348692
903,2022-08-06,25328.0,764494.0,2539.0,7749280755.0,0.00010192997582264007
904,2022-08-07,27966.0,914857.0,1843.0,7749280755.0,0.00012043530612796852
905,2022-08-08,25135.0,710782.0,2025.0,7749280755.0,9.433546455628448e-05
906,2022-08-09,25360.0,988700.0,3099.0,7749930097.0,0.00013157408999014356
907,2022-08-10,26578.0,931049.0,2677.0,7749280755.0,0.00012360101927936924
908,2022-08-11,26332.0,913365.0,2974.0,7749280755.0,0.00012170226241854622
909,2022-08-12,25982.0,721434.0,2829.0,7749930097.0,9.673945321006423e-05
910,2022-08-13,26866.0,693458.0,2360.0,7749280755.0,9.253220042870933e-05
911,2022-08-14,29458.0,682922.0,1745.0,7749280755.0,9.037896833820418e-05
912,2022-08-15,25304.0,699468.0,1996.0,7749280755.0,9.283803526357073e-05
913,2022-08-16,27437.0,854666.0,2725.0,7749930097.0,0.00011379663931954559
914,2022-08-17,27928.0,910066.0,2555.0,7749930097.0,0.00012072573407625666
915,2022-08-18,27358.0,887826.0,2906.0,7749280755.0,0.00011831885164418721
916,2022-08-19,26877.0,809938.0,2480.0,7749280755.0,0.00010771812589980165
917,2022-08-20,27031.0,678079.0,2338.0,7749280755.0,9.051923942069125e-05
918,2022-08-21,29119.0,681372.0,1473.0,7749280755.0,8.98279494585172e-05
919,2022-08-22,26811.0,623397.0,1919.0,7749280755.0,8.292214726965329e-05
920,2022-08-23,27165.0,863067.0,2542.0,7749280755.0,0.00011465412443944935
921,2022-08-24,27174.0,809036.0,2452.0,7749280755.0,0.00010756559561507331
922,2022-08-25,27027.0,738204.0,2491.0,7749280755.0,9.847546167528163e-05
923,2022-08-26,26869.0,670098.0,2456.0,7749280755.0,8.964160958444975e-05
924,2022-08-27,27500.0,562910.0,1969.0,7749280755.0,7.518117079757294e-05
925,2022-08-28,29311.0,556934.0,1461.0,7749280755.0,7.375445774515624e-05
926,2022-08-29,25824.0,538519.0,1783.0,7749280755.0,7.179363060772212e-05
927,2022-08-30,25676.0,737909.0,2424.0,7749280755.0,9.835093398935705e-05
928,2022-08-31,25137.0,687222.0,2133.0,7749280755.0,9.143455017329541e-05
929,2022-09-01,25107.0,634608.0,2314.0,7749280755.0,8.487858690312737e-05
930,2022-09-02,25372.0,588291.0,2103.0,7749930097.0,7.862277367325782e-05
931,2022-09-03,26239.0,520457.0,1940.0,7749280755.0,6.9665433098636e-05
932,2022-09-04,27515.0,470320.0,1086.0,7749280755.0,6.20935045732512e-05
933,2022-09-05,25142.0,438087.0,1252.0,7749280755.0,5.814823520353922e-05
934,2022-09-06,25203.0,649270.0,1995.0,7749280755.0,8.635898235693746e-05
935,2022-09-07,24323.0,582519.0,1683.0,7749280755.0,7.734253267482758e-05
936,2022-09-08,24452.0,554212.0,1978.0,7749280755.0,7.40703580302789e-05
937,2022-09-09,24701.0,525007.0,2211.0,7749280755.0,7.0602294238338e-05
938,2022-09-10,25026.0,424088.0,962.0,7749280755.0,5.596751669116678e-05
939,2022-09-11,26443.0,394591.0,660.0,7749280755.0,5.177138533032799e-05
940,2022-09-12,24280.0,484411.0,1171.0,7749280755.0,6.402155447521916e-05
